data,ativo,direcao_sar,tendencia_ema,ema_ok,adx,adx_ok,status,motivo,open_resultado,close_resultado,resultado_teorico
2025-12-13 18:41:00,EURJPY-OTC,put,ALTA,False,19.51,False,NEGADO,EMA_CONTRA_TENDENCIA,181.003605,181.002765,WIN
2025-12-13 18:54:00,EURJPY-OTC,call,BAIXA,False,11.42,False,NEGADO,EMA_CONTRA_TENDENCIA,180.956705,180.957575,WIN
2025-12-13 18:56:00,EURJPY-OTC,put,BAIXA,True,12.9,False,NEGADO,ADX_FRACO,180.884735,180.885135,LOSS
2025-12-13 19:07:00,EURJPY-OTC,call,BAIXA,False,21.78,True,NEGADO,EMA_CONTRA_TENDENCIA,180.877535,180.878765,WIN
2025-12-13 19:19:00,EURJPY-OTC,put,ALTA,False,17.69,False,NEGADO,EMA_CONTRA_TENDENCIA,180.955505,180.953635,WIN
2025-12-13 19:27:00,EURJPY-OTC,call,ALTA,True,13.86,False,NEGADO,ADX_FRACO,181.012995,181.014175,WIN
2025-12-13 19:39:00,EURJPY-OTC,put,ALTA,False,16.64,False,NEGADO,EMA_CONTRA_TENDENCIA,181.041645,181.045265,LOSS
2025-12-13 19:45:00,EURJPY-OTC,call,ALTA,True,14.42,False,NEGADO,ADX_FRACO,181.130085,181.130275,WIN
2025-12-13 19:54:00,EURJPY-OTC,put,ALTA,False,13.82,False,NEGADO,EMA_CONTRA_TENDENCIA,181.042445,181.048055,LOSS
2025-12-13 20:09:00,EURJPY-OTC,call,ALTA,True,14.35,False,NEGADO,ADX_FRACO,181.084855,181.087875,WIN
2025-12-13 20:21:00,EURJPY-OTC,put,ALTA,False,18.53,False,NEGADO,EMA_CONTRA_TENDENCIA,181.128945,181.129185,LOSS
2025-12-13 20:29:00,EURJPY-OTC,call,ALTA,True,15.62,False,NEGADO,ADX_FRACO,181.149135,181.153775,WIN
2025-12-13 20:35:00,EURJPY-OTC,put,ALTA,False,14.91,False,NEGADO,EMA_CONTRA_TENDENCIA,181.108955,181.108245,WIN
2025-12-13 20:53:00,EURJPY-OTC,call,BAIXA,False,35.69,True,NEGADO,EMA_CONTRA_TENDENCIA,180.911485,180.910545,LOSS
2025-12-13 21:08:00,EURJPY-OTC,put,ALTA,False,25.94,True,NEGADO,EMA_CONTRA_TENDENCIA,181.089725,181.088015,WIN
2025-12-13 21:21:00,EURJPY-OTC,call,BAIXA,False,22.86,True,NEGADO,EMA_CONTRA_TENDENCIA,180.961475,180.969975,WIN
2025-12-13 21:40:00,EURJPY-OTC,put,ALTA,False,21.7,True,NEGADO,EMA_CONTRA_TENDENCIA,181.152065,181.151915,WIN
2025-12-13 21:54:00,EURJPY-OTC,call,BAIXA,False,12.24,False,NEGADO,EMA_CONTRA_TENDENCIA,181.077525,181.078175,WIN
2025-12-13 21:56:00,EURJPY-OTC,put,BAIXA,True,12.24,False,NEGADO,ADX_FRACO,181.048275,181.049505,LOSS
2025-12-13 21:59:00,EURJPY-OTC,call,ALTA,True,14.09,False,NEGADO,ADX_FRACO,181.075385,181.063745,LOSS
2025-12-13 22:16:00,EURJPY-OTC,put,BAIXA,True,11.37,False,NEGADO,ADX_FRACO,181.026585,181.024605,WIN
2025-12-13 22:32:00,EURJPY-OTC,call,BAIXA,False,32.07,True,NEGADO,EMA_CONTRA_TENDENCIA,180.912735,180.913285,WIN
2025-12-13 22:35:00,EURJPY-OTC,put,BAIXA,True,29.12,True,APROVADO,OK,180.852625,180.874865,LOSS
2025-12-13 22:39:00,EURJPY-OTC,call,ALTA,True,25.35,True,APROVADO,OK,180.996965,181.012115,WIN
2025-12-13 22:52:00,EURJPY-OTC,put,ALTA,False,33.52,True,NEGADO,EMA_CONTRA_TENDENCIA,181.093835,181.096825,LOSS
2025-12-13 23:01:00,EURJPY-OTC,call,ALTA,True,21.37,True,APROVADO,OK,181.053065,181.149995,WIN
2025-12-13 23:13:00,EURJPY-OTC,put,ALTA,False,17.5,False,NEGADO,EMA_CONTRA_TENDENCIA,181.066475,181.066405,WIN
2025-12-13 23:26:00,EURJPY-OTC,call,BAIXA,False,29.19,True,NEGADO,EMA_CONTRA_TENDENCIA,180.888515,180.888415,LOSS
2025-12-13 23:30:00,EURJPY-OTC,put,BAIXA,True,29.97,True,APROVADO,OK,180.781975,180.764905,WIN
2025-12-13 23:49:00,EURJPY-OTC,call,BAIXA,False,45.95,True,NEGADO,EMA_CONTRA_TENDENCIA,180.537785,180.536935,LOSS
2025-12-14 00:01:00,EURJPY-OTC,put,BAIXA,True,27.69,True,APROVADO,OK,180.536585,180.538225,LOSS
2025-12-14 00:14:00,EURJPY-OTC,call,BAIXA,False,25.13,True,NEGADO,EMA_CONTRA_TENDENCIA,180.491915,180.481185,LOSS
2025-12-14 00:21:00,EURJPY-OTC,put,BAIXA,True,19.38,False,NEGADO,ADX_FRACO,180.461235,180.465855,LOSS
2025-12-14 00:34:00,EURJPY-OTC,call,BAIXA,False,18.74,False,NEGADO,EMA_CONTRA_TENDENCIA,180.387525,180.384535,LOSS
2025-12-14 00:35:00,EURJPY-OTC,put,BAIXA,True,19.62,False,NEGADO,ADX_FRACO,180.360015,180.357955,WIN
2025-12-14 00:45:00,EURJPY-OTC,call,BAIXA,False,32.11,True,NEGADO,EMA_CONTRA_TENDENCIA,180.357825,180.355545,LOSS
2025-12-14 00:51:00,EURJPY-OTC,put,BAIXA,True,26.98,True,APROVADO,OK,180.272015,180.269255,WIN
2025-12-14 17:19:00,EURJPY-OTC,put,ALTA,False,24.34,True,NEGADO,EMA_CONTRA_TENDENCIA,181.565445,181.562055,WIN
2025-12-14 17:28:00,EURJPY-OTC,call,ALTA,True,15.48,False,NEGADO,ADX_FRACO,181.535035,181.536805,WIN
2025-12-14 17:30:00,EURJPY-OTC,put,BAIXA,True,14.47,False,NEGADO,ADX_FRACO,181.462535,181.461565,WIN
2025-12-14 17:43:00,EURJPY-OTC,call,ALTA,True,13.2,False,NEGADO,ADX_FRACO,181.466445,181.461215,LOSS
2025-12-14 17:59:00,EURJPY-OTC,put,BAIXA,True,9.41,False,NEGADO,ADX_FRACO,181.463735,181.464055,LOSS
2025-12-14 18:17:00,EURJPY-OTC,call,ALTA,True,19.87,False,NEGADO,ADX_FRACO,181.444455,181.449485,WIN
2025-12-14 18:28:00,EURJPY-OTC,put,ALTA,False,19.94,False,NEGADO,EMA_CONTRA_TENDENCIA,181.489795,181.485415,WIN
2025-12-14 18:36:00,EURJPY-OTC,call,ALTA,True,14.16,False,NEGADO,ADX_FRACO,181.562975,181.565375,WIN
2025-12-14 18:48:00,EURJPY-OTC,put,ALTA,False,12.92,False,NEGADO,EMA_CONTRA_TENDENCIA,181.575935,181.576905,LOSS
2025-12-14 18:51:00,EURJPY-OTC,call,ALTA,True,13.06,False,NEGADO,ADX_FRACO,181.658875,181.656455,LOSS
2025-12-14 19:10:00,EURJPY-OTC,put,ALTA,False,26.13,True,NEGADO,EMA_CONTRA_TENDENCIA,181.836475,181.837865,LOSS
2025-12-14 19:16:00,EURJPY-OTC,call,ALTA,True,21.52,True,APROVADO,OK,181.881445,181.828965,LOSS
2025-12-14 19:33:00,EURJPY-OTC,put,ALTA,False,19.5,False,NEGADO,EMA_CONTRA_TENDENCIA,181.876255,181.876375,LOSS
2025-12-14 19:48:00,EURJPY-OTC,call,ALTA,True,17.45,False,NEGADO,ADX_FRACO,181.823435,181.818045,LOSS
2025-12-14 19:54:00,EURJPY-OTC,put,BAIXA,True,16.06,False,NEGADO,ADX_FRACO,181.746485,181.743865,WIN
2025-12-14 20:06:00,EURJPY-OTC,call,BAIXA,False,25.26,True,NEGADO,EMA_CONTRA_TENDENCIA,181.739715,181.738935,LOSS
2025-12-14 20:09:00,EURJPY-OTC,put,BAIXA,True,24.46,True,APROVADO,OK,181.667925,181.664675,WIN
2025-12-14 20:45:00,EURJPY-OTC,call,BAIXA,False,39.16,True,NEGADO,EMA_CONTRA_TENDENCIA,181.479505,181.480125,WIN
2025-12-14 20:55:00,EURJPY-OTC,put,BAIXA,True,22.66,True,APROVADO,OK,181.465375,181.485735,LOSS
2025-12-14 21:01:00,EURJPY-OTC,call,ALTA,True,17.61,False,NEGADO,ADX_FRACO,181.587925,181.594815,WIN
2025-12-14 21:12:00,EURJPY-OTC,put,BAIXA,True,16.95,False,NEGADO,ADX_FRACO,181.567665,181.576675,LOSS
2025-12-14 21:17:00,EURJPY-OTC,call,ALTA,True,14.37,False,NEGADO,ADX_FRACO,181.650625,181.658355,WIN
2025-12-14 21:25:00,EURJPY-OTC,put,ALTA,False,12.62,False,NEGADO,EMA_CONTRA_TENDENCIA,181.596225,181.587305,WIN
2025-12-14 21:33:00,EURJPY-OTC,call,ALTA,True,11.92,False,NEGADO,ADX_FRACO,181.687005,181.689925,WIN
2025-12-14 21:51:00,EURJPY-OTC,put,ALTA,False,19.07,False,NEGADO,EMA_CONTRA_TENDENCIA,181.799195,181.797935,WIN
2025-12-14 21:59:00,EURJPY-OTC,call,ALTA,True,13.04,False,NEGADO,ADX_FRACO,181.787115,181.794125,WIN
2025-12-14 22:05:00,EURJPY-OTC,put,BAIXA,True,13.42,False,NEGADO,ADX_FRACO,181.668465,181.667995,WIN
2025-12-14 22:10:00,EURJPY-OTC,call,ALTA,True,13.8,False,NEGADO,ADX_FRACO,181.714835,181.726225,WIN
2025-12-14 22:15:00,EURJPY-OTC,put,BAIXA,True,12.39,False,NEGADO,ADX_FRACO,181.660265,181.661105,LOSS
2025-12-14 22:22:00,EURJPY-OTC,call,ALTA,True,10.99,False,NEGADO,ADX_FRACO,181.719145,181.723135,WIN
2025-12-14 22:33:00,EURJPY-OTC,put,BAIXA,True,19.91,False,NEGADO,ADX_FRACO,181.712685,181.713185,LOSS
2025-12-14 22:45:00,EURJPY-OTC,call,BAIXA,False,12.89,False,NEGADO,EMA_CONTRA_TENDENCIA,181.688125,181.686055,LOSS
2025-12-14 22:48:00,EURJPY-OTC,put,BAIXA,True,12.28,False,NEGADO,ADX_FRACO,181.655225,181.656105,LOSS
2025-12-14 22:54:00,EURJPY-OTC,call,ALTA,True,10.95,False,NEGADO,ADX_FRACO,181.706935,181.712295,WIN
2025-12-14 22:58:00,EURJPY-OTC,put,BAIXA,True,10.13,False,NEGADO,ADX_FRACO,181.616975,181.616015,WIN
2025-12-14 23:02:00,EURJPY-OTC,call,ALTA,True,11.63,False,NEGADO,ADX_FRACO,181.726215,181.727805,WIN
2025-12-14 23:15:00,EURJPY-OTC,put,ALTA,False,23.41,True,NEGADO,EMA_CONTRA_TENDENCIA,181.811765,181.805635,WIN
2025-12-14 23:19:00,EURJPY-OTC,call,ALTA,True,21.49,True,APROVADO,OK,181.863645,181.822305,LOSS
2025-12-14 23:58:00,EURJPY-OTC,put,ALTA,False,47.47,True,NEGADO,EMA_CONTRA_TENDENCIA,182.183015,182.178195,WIN
2025-12-14 23:59:00,EURJPY-OTC,call,ALTA,True,47.63,True,APROVADO,OK,182.237065,182.226655,WIN
2025-12-15 00:08:00,EURJPY-OTC,put,ALTA,False,48.57,True,NEGADO,EMA_CONTRA_TENDENCIA,182.232635,182.228605,WIN
2025-12-15 00:27:00,EURJPY-OTC,call,ALTA,True,19.83,False,NEGADO,ADX_FRACO,182.220095,182.219605,LOSS
2025-12-15 00:31:00,EURJPY-OTC,put,BAIXA,True,16.33,False,NEGADO,ADX_FRACO,182.132115,182.133635,LOSS
2025-12-15 00:40:00,EURJPY-OTC,call,ALTA,True,16.84,False,NEGADO,ADX_FRACO,182.164925,182.164625,LOSS
2025-12-15 00:51:00,EURJPY-OTC,put,BAIXA,True,13.81,False,NEGADO,ADX_FRACO,182.083395,182.081605,WIN
2025-12-15 01:17:00,EURJPY-OTC,put,BAIXA,True,24.48,True,APROVADO,OK,182.083395,182.081605,WIN
2025-12-15 01:31:00,EURJPY-OTC,call,BAIXA,False,22.84,True,NEGADO,EMA_CONTRA_TENDENCIA,181.971525,181.974875,WIN
2025-12-15 01:31:00,EURJPY-OTC,call,BAIXA,False,22.84,True,NEGADO,EMA_CONTRA_TENDENCIA,181.971525,181.936805,LOSS
2025-12-15 01:40:00,EURJPY-OTC,put,BAIXA,True,14.14,False,NEGADO,ADX_FRACO,181.895135,181.898035,LOSS
2025-12-15 01:45:00,EURJPY-OTC,call,BAIXA,False,13.33,False,NEGADO,EMA_CONTRA_TENDENCIA,181.913885,181.918095,WIN
2025-12-15 01:45:00,EURJPY-OTC,call,BAIXA,False,13.33,False,NEGADO,EMA_CONTRA_TENDENCIA,181.913885,181.872315,LOSS
2025-12-15 01:46:00,EURJPY-OTC,put,BAIXA,True,12.87,False,NEGADO,ADX_FRACO,181.858295,181.859825,LOSS
2025-12-15 01:56:00,EURJPY-OTC,call,BAIXA,False,15.46,False,NEGADO,EMA_CONTRA_TENDENCIA,181.847435,181.844105,LOSS
2025-12-15 02:27:00,EURJPY-OTC,put,BAIXA,True,11.85,False,NEGADO,ADX_FRACO,181.840925,181.842085,LOSS
2025-12-15 02:44:00,EURJPY-OTC,call,BAIXA,False,13.67,False,NEGADO,EMA_CONTRA_TENDENCIA,181.779525,181.777485,LOSS
2025-12-15 02:50:00,EURJPY-OTC,put,BAIXA,True,11.42,False,NEGADO,ADX_FRACO,181.740735,181.739235,WIN
2025-12-15 02:56:00,EURJPY-OTC,call,ALTA,True,12.99,False,NEGADO,ADX_FRACO,181.837285,181.838395,WIN
2025-12-15 03:01:00,EURJPY-OTC,put,BAIXA,True,11.74,False,NEGADO,ADX_FRACO,181.714635,181.712755,WIN
2025-12-15 03:16:00,EURJPY-OTC,call,ALTA,True,13.09,False,NEGADO,ADX_FRACO,181.795405,181.792755,LOSS
2025-12-15 03:23:00,EURJPY-OTC,put,BAIXA,True,10.7,False,NEGADO,ADX_FRACO,181.736885,181.733205,WIN
2025-12-15 03:32:00,EURJPY-OTC,call,BAIXA,False,14.03,False,NEGADO,EMA_CONTRA_TENDENCIA,181.741685,181.740375,LOSS
2025-12-15 03:35:00,EURJPY-OTC,put,BAIXA,True,14.33,False,NEGADO,ADX_FRACO,181.685365,181.681775,WIN
2025-12-15 03:49:00,EURJPY-OTC,call,BAIXA,False,27.85,True,NEGADO,EMA_CONTRA_TENDENCIA,181.611875,181.612925,WIN
2025-12-15 03:52:00,EURJPY-OTC,put,BAIXA,True,25.59,True,APROVADO,OK,181.512325,181.493875,WIN
2025-12-15 03:59:00,EURJPY-OTC,call,BAIXA,False,22.18,True,NEGADO,EMA_CONTRA_TENDENCIA,181.553305,181.553305,LOSS
2025-12-15 04:25:00,EURJPY-OTC,put,ALTA,False,39.22,True,NEGADO,EMA_CONTRA_TENDENCIA,182.133065,182.129585,WIN
2025-12-15 04:37:00,EURJPY-OTC,call,ALTA,True,23.82,True,APROVADO,OK,182.234425,182.235945,WIN
2025-12-15 04:41:00,EURJPY-OTC,put,BAIXA,True,21.48,True,APROVADO,OK,182.027755,182.024125,WIN
2025-12-15 04:51:00,EURJPY-OTC,call,ALTA,True,16.68,False,NEGADO,ADX_FRACO,182.127895,182.129995,WIN
2025-12-15 04:59:00,EURJPY-OTC,put,BAIXA,True,14.93,False,NEGADO,ADX_FRACO,182.042575,182.048075,LOSS
2025-12-15 05:16:00,EURJPY-OTC,call,BAIXA,False,25.12,True,NEGADO,EMA_CONTRA_TENDENCIA,181.927305,181.951705,WIN
2025-12-15 05:24:00,EURJPY-OTC,put,BAIXA,True,18.14,False,NEGADO,ADX_FRACO,181.946865,181.950495,LOSS
2025-12-15 05:28:00,EURJPY-OTC,call,ALTA,True,15.8,False,NEGADO,ADX_FRACO,182.018735,182.017455,LOSS
2025-12-15 05:39:00,EURJPY-OTC,put,BAIXA,True,16.19,False,NEGADO,ADX_FRACO,181.984495,181.985555,LOSS
2025-12-15 05:59:00,EURJPY-OTC,call,BAIXA,False,30.67,True,NEGADO,EMA_CONTRA_TENDENCIA,181.813945,181.814835,WIN
2025-12-15 06:05:00,EURJPY-OTC,put,BAIXA,True,25.74,True,APROVADO,OK,181.744905,181.727085,WIN
2025-12-15 06:10:00,EURJPY-OTC,call,BAIXA,False,24.82,True,NEGADO,EMA_CONTRA_TENDENCIA,181.839095,181.839095,LOSS
2025-12-15 06:20:00,EURJPY-OTC,put,BAIXA,True,20.84,True,APROVADO,OK,181.832625,181.761825,WIN
2025-12-15 06:28:00,EURJPY-OTC,call,ALTA,True,18.22,False,NEGADO,ADX_FRACO,181.842305,181.842455,WIN
2025-12-15 06:31:00,EURJPY-OTC,put,BAIXA,True,16.91,False,NEGADO,ADX_FRACO,181.705765,181.709065,LOSS
2025-12-15 06:35:00,EURJPY-OTC,call,ALTA,True,15.2,False,NEGADO,ADX_FRACO,181.887415,181.884575,LOSS
2025-12-15 06:51:00,EURJPY-OTC,put,BAIXA,True,11.91,False,NEGADO,ADX_FRACO,181.794325,181.794205,WIN
2025-12-15 07:07:00,EURJPY-OTC,call,BAIXA,False,30.5,True,NEGADO,EMA_CONTRA_TENDENCIA,181.691945,181.693075,WIN
2025-12-15 07:13:00,EURJPY-OTC,put,BAIXA,True,26.32,True,APROVADO,OK,181.600095,181.584905,WIN
2025-12-15 07:37:00,EURJPY-OTC,call,BAIXA,False,27.23,True,NEGADO,EMA_CONTRA_TENDENCIA,181.485645,181.492615,WIN
2025-12-15 07:40:00,EURJPY-OTC,put,BAIXA,True,28.03,True,APROVADO,OK,181.438185,181.446395,LOSS
2025-12-15 07:48:00,EURJPY-OTC,call,BAIXA,False,31.11,True,NEGADO,EMA_CONTRA_TENDENCIA,181.491685,181.486545,LOSS
2025-12-15 07:59:00,EURJPY-OTC,put,BAIXA,True,18.29,False,NEGADO,ADX_FRACO,181.421625,181.420145,WIN
2025-12-15 08:05:00,EURJPY-OTC,call,ALTA,True,15.92,False,NEGADO,ADX_FRACO,181.539825,181.537855,LOSS
2025-12-15 08:16:00,EURJPY-OTC,put,ALTA,False,23.67,True,NEGADO,EMA_CONTRA_TENDENCIA,181.610145,181.610595,LOSS
2025-12-15 08:21:00,EURJPY-OTC,call,ALTA,True,25.05,True,APROVADO,OK,181.705255,181.723495,WIN
2025-12-15 08:27:00,EURJPY-OTC,put,ALTA,False,25.43,True,NEGADO,EMA_CONTRA_TENDENCIA,181.641925,181.651515,LOSS
2025-12-15 08:35:00,EURJPY-OTC,call,ALTA,True,20.59,True,APROVADO,OK,181.734195,181.754775,WIN
2025-12-15 09:02:00,EURJPY-OTC,put,ALTA,False,51.44,True,NEGADO,EMA_CONTRA_TENDENCIA,182.026565,182.033535,LOSS
2025-12-15 09:15:00,EURJPY-OTC,call,ALTA,True,34.5,True,APROVADO,OK,181.997085,182.058525,WIN
2025-12-15 09:39:00,EURJPY-OTC,put,ALTA,False,42.33,True,NEGADO,EMA_CONTRA_TENDENCIA,182.274975,182.273085,WIN
2025-12-15 09:44:00,EURJPY-OTC,call,ALTA,True,42.87,True,APROVADO,OK,182.297145,182.337635,WIN
2025-12-15 09:54:00,EURJPY-OTC,put,ALTA,False,43.8,True,NEGADO,EMA_CONTRA_TENDENCIA,182.284135,182.280055,WIN
2025-12-15 10:06:00,EURJPY-OTC,call,ALTA,True,21.23,True,APROVADO,OK,182.297365,182.312685,WIN
2025-12-15 10:11:00,EURJPY-OTC,put,ALTA,False,19.58,False,NEGADO,EMA_CONTRA_TENDENCIA,182.228315,182.229425,LOSS
2025-12-15 10:18:00,EURJPY-OTC,call,ALTA,True,14.19,False,NEGADO,ADX_FRACO,182.306225,182.310635,WIN
2025-12-15 10:33:00,EURJPY-OTC,put,ALTA,False,36.9,True,NEGADO,EMA_CONTRA_TENDENCIA,182.504375,182.504935,LOSS
2025-12-15 10:40:00,EURJPY-OTC,call,ALTA,True,29.45,True,APROVADO,OK,182.500395,182.445245,LOSS
2025-12-15 10:48:00,EURJPY-OTC,put,ALTA,False,19.83,False,NEGADO,EMA_CONTRA_TENDENCIA,182.434795,182.431145,WIN
2025-12-15 10:59:00,EURJPY-OTC,call,ALTA,True,14.76,False,NEGADO,ADX_FRACO,182.504785,182.502765,LOSS
2025-12-15 11:03:00,EURJPY-OTC,put,BAIXA,True,13.8,False,NEGADO,ADX_FRACO,182.407195,182.417905,LOSS
2025-12-15 11:06:00,EURJPY-OTC,call,ALTA,True,12.43,False,NEGADO,ADX_FRACO,182.438895,182.434155,LOSS
2025-12-15 11:08:00,EURJPY-OTC,put,BAIXA,True,13.04,False,NEGADO,ADX_FRACO,182.344905,182.340025,WIN
2025-12-15 11:18:00,EURJPY-OTC,call,BAIXA,False,19.4,False,NEGADO,EMA_CONTRA_TENDENCIA,182.340915,182.341595,WIN
2025-12-15 11:25:00,EURJPY-OTC,put,BAIXA,True,23.5,True,APROVADO,OK,182.324135,182.340275,LOSS
2025-12-15 11:40:00,EURJPY-OTC,call,BAIXA,False,46.39,True,NEGADO,EMA_CONTRA_TENDENCIA,182.166325,182.171165,WIN
2025-12-15 11:51:00,EURJPY-OTC,put,BAIXA,True,27.31,True,APROVADO,OK,182.154255,182.201635,LOSS
2025-12-15 11:54:00,EURJPY-OTC,call,ALTA,True,24.19,True,APROVADO,OK,182.268815,182.316685,WIN
2025-12-15 12:00:00,EURJPY-OTC,put,BAIXA,True,20.16,True,APROVADO,OK,182.173315,182.165445,WIN
2025-12-15 12:25:00,EURJPY-OTC,call,BAIXA,False,19.02,False,NEGADO,EMA_CONTRA_TENDENCIA,182.131325,182.131565,WIN
2025-12-15 12:28:00,EURJPY-OTC,put,BAIXA,True,19.1,False,NEGADO,ADX_FRACO,182.050535,182.046745,WIN
2025-12-15 12:39:00,EURJPY-OTC,call,BAIXA,False,28.74,True,NEGADO,EMA_CONTRA_TENDENCIA,181.979965,181.981965,WIN
2025-12-15 14:06:00,EURJPY-OTC,call,BAIXA,False,24.5,True,NEGADO,EMA_CONTRA_TENDENCIA,182.043685,182.044135,WIN
2025-12-15 14:32:00,EURJPY-OTC,put,ALTA,False,47.11,True,NEGADO,EMA_CONTRA_TENDENCIA,182.453485,182.455565,LOSS
2025-12-15 14:34:00,EURJPY-OTC,call,ALTA,True,48.04,True,APROVADO,OK,182.542605,182.532195,LOSS
2025-12-15 14:53:00,EURJPY-OTC,put,ALTA,False,52.59,True,NEGADO,EMA_CONTRA_TENDENCIA,182.612465,182.612585,LOSS
2025-12-15 14:59:00,EURJPY-OTC,call,ALTA,True,41.6,True,APROVADO,OK,182.664575,182.681005,WIN
2025-12-15 15:08:00,EURJPY-OTC,put,ALTA,False,36.05,True,NEGADO,EMA_CONTRA_TENDENCIA,182.641495,182.632005,WIN
2025-12-15 15:25:00,EURJPY-OTC,call,BAIXA,False,32.45,True,NEGADO,EMA_CONTRA_TENDENCIA,182.485205,182.482765,LOSS
2025-12-15 15:36:00,EURJPY-OTC,put,ALTA,False,24.08,True,NEGADO,EMA_CONTRA_TENDENCIA,182.654425,182.662615,LOSS
2025-12-15 15:37:00,EURJPY-OTC,call,ALTA,True,24.08,True,APROVADO,OK,182.709065,182.636785,LOSS
2025-12-15 15:43:00,EURJPY-OTC,put,ALTA,False,20.13,True,NEGADO,EMA_CONTRA_TENDENCIA,182.614525,182.610145,WIN
2025-12-15 15:52:00,EURJPY-OTC,call,ALTA,True,16.73,False,NEGADO,ADX_FRACO,182.578845,182.582475,WIN
2025-12-15 16:05:00,EURJPY-OTC,put,ALTA,False,20.11,True,NEGADO,EMA_CONTRA_TENDENCIA,182.669335,182.668075,WIN
2025-12-15 16:22:00,EURJPY-OTC,call,BAIXA,False,30.76,True,NEGADO,EMA_CONTRA_TENDENCIA,182.437945,182.435325,LOSS
2025-12-15 16:27:00,EURJPY-OTC,put,BAIXA,True,28.9,True,APROVADO,OK,182.381225,182.382105,LOSS
2025-12-15 16:46:00,EURJPY-OTC,call,BAIXA,False,28.07,True,NEGADO,EMA_CONTRA_TENDENCIA,182.320425,182.335915,WIN
2025-12-15 16:57:00,EURJPY-OTC,put,BAIXA,True,14.92,False,NEGADO,ADX_FRACO,182.313935,182.321725,LOSS
2025-12-15 17:06:00,EURJPY-OTC,call,BAIXA,False,10.52,False,NEGADO,EMA_CONTRA_TENDENCIA,182.340915,182.341195,WIN
2025-12-15 17:15:00,EURJPY-OTC,put,BAIXA,True,12.0,False,NEGADO,ADX_FRACO,182.255135,182.253055,WIN
2025-12-15 17:25:00,EURJPY-OTC,call,BAIXA,False,20.66,True,NEGADO,EMA_CONTRA_TENDENCIA,182.273275,182.275315,WIN
2025-12-15 17:32:00,EURJPY-OTC,put,BAIXA,True,17.79,False,NEGADO,ADX_FRACO,182.144535,182.141195,WIN
2025-12-15 17:37:00,EURJPY-OTC,call,ALTA,True,16.78,False,NEGADO,ADX_FRACO,182.316875,182.327545,WIN
2025-12-15 17:47:00,EURJPY-OTC,put,BAIXA,True,16.56,False,NEGADO,ADX_FRACO,182.234945,182.233405,WIN
2025-12-15 17:56:00,EURJPY-OTC,call,BAIXA,False,14.87,False,NEGADO,EMA_CONTRA_TENDENCIA,182.224565,182.225535,WIN
2025-12-15 18:08:00,EURJPY-OTC,put,BAIXA,True,21.27,True,APROVADO,OK,182.280475,182.278735,WIN
2025-12-15 18:16:00,EURJPY-OTC,call,ALTA,True,20.23,True,APROVADO,OK,182.400695,182.451735,WIN
2025-12-15 18:26:00,EURJPY-OTC,put,ALTA,False,28.01,True,NEGADO,EMA_CONTRA_TENDENCIA,182.409825,182.405135,WIN
2025-12-15 18:35:00,EURJPY-OTC,call,ALTA,True,28.32,True,APROVADO,OK,182.517215,182.491205,LOSS
2025-12-15 18:38:00,EURJPY-OTC,put,ALTA,False,27.76,True,NEGADO,EMA_CONTRA_TENDENCIA,182.406115,182.412915,LOSS
2025-12-15 18:47:00,EURJPY-OTC,call,ALTA,True,20.24,True,APROVADO,OK,182.526885,182.530025,WIN
2025-12-15 19:01:00,EURJPY-OTC,put,ALTA,False,18.3,False,NEGADO,EMA_CONTRA_TENDENCIA,182.506165,182.503945,WIN
2025-12-15 19:11:00,EURJPY-OTC,call,ALTA,True,11.84,False,NEGADO,ADX_FRACO,182.506245,182.504585,LOSS
2025-12-15 19:18:00,EURJPY-OTC,put,ALTA,False,12.55,False,NEGADO,EMA_CONTRA_TENDENCIA,182.483195,182.484205,LOSS
2025-12-15 19:22:00,EURJPY-OTC,call,ALTA,True,11.56,False,NEGADO,ADX_FRACO,182.594455,182.593305,LOSS
2025-12-15 20:44:00,EURJPY-OTC,put,ALTA,False,16.96,False,NEGADO,EMA_CONTRA_TENDENCIA,182.684345,182.681385,WIN
2025-12-15 21:04:00,EURJPY-OTC,call,BAIXA,False,18.56,False,NEGADO,EMA_CONTRA_TENDENCIA,182.613395,182.613405,WIN
2025-12-15 21:15:00,EURJPY-OTC,put,BAIXA,True,21.88,True,APROVADO,OK,182.662335,182.724805,LOSS
2025-12-15 21:26:00,EURJPY-OTC,call,ALTA,True,13.12,False,NEGADO,ADX_FRACO,182.728105,182.727165,LOSS
2025-12-15 21:36:00,EURJPY-OTC,put,BAIXA,True,11.44,False,NEGADO,ADX_FRACO,182.692815,182.688145,WIN
2025-12-15 21:40:00,EURJPY-OTC,call,ALTA,True,12.88,False,NEGADO,ADX_FRACO,182.853375,182.854855,WIN
2025-12-15 22:05:00,EURJPY-OTC,put,ALTA,False,50.91,True,NEGADO,EMA_CONTRA_TENDENCIA,183.191345,183.198455,LOSS
2025-12-15 22:15:00,EURJPY-OTC,call,ALTA,True,43.75,True,APROVADO,OK,183.144345,183.149505,WIN
2025-12-15 22:20:00,EURJPY-OTC,put,ALTA,False,39.97,True,NEGADO,EMA_CONTRA_TENDENCIA,183.078915,183.082975,LOSS
2025-12-15 23:17:00,EURJPY-OTC,call,BAIXA,False,54.35,True,NEGADO,EMA_CONTRA_TENDENCIA,182.586395,182.586195,LOSS
2025-12-15 23:30:00,EURJPY-OTC,put,BAIXA,True,29.78,True,APROVADO,OK,182.561625,182.544365,WIN
2025-12-15 23:40:00,EURJPY-OTC,call,BAIXA,False,27.07,True,NEGADO,EMA_CONTRA_TENDENCIA,182.617165,182.609875,LOSS
2025-12-15 23:47:00,EURJPY-OTC,put,BAIXA,True,18.78,False,NEGADO,ADX_FRACO,182.519005,182.516805,WIN
2025-12-15 23:55:00,EURJPY-OTC,call,ALTA,True,15.86,False,NEGADO,ADX_FRACO,182.654285,182.649175,LOSS
2025-12-16 00:03:00,EURJPY-OTC,put,BAIXA,True,12.45,False,NEGADO,ADX_FRACO,182.529435,182.533725,LOSS
2025-12-16 00:18:00,EURJPY-OTC,call,BAIXA,False,24.32,True,NEGADO,EMA_CONTRA_TENDENCIA,182.437045,182.437725,WIN
2025-12-16 00:51:00,EURJPY-OTC,put,ALTA,False,50.94,True,NEGADO,EMA_CONTRA_TENDENCIA,182.990105,182.987735,WIN
2025-12-16 01:08:00,EURJPY-OTC,call,ALTA,True,26.34,True,APROVADO,OK,182.948935,182.969665,WIN
2025-12-16 01:23:00,EURJPY-OTC,put,ALTA,False,25.72,True,NEGADO,EMA_CONTRA_TENDENCIA,182.998505,182.994225,WIN
2025-12-16 01:27:00,EURJPY-OTC,call,ALTA,True,24.61,True,APROVADO,OK,183.109945,183.120655,WIN
2025-12-16 01:33:00,EURJPY-OTC,put,ALTA,False,23.47,True,NEGADO,EMA_CONTRA_TENDENCIA,183.034035,183.031735,WIN
2025-12-16 01:41:00,EURJPY-OTC,call,ALTA,True,15.26,False,NEGADO,ADX_FRACO,183.065685,183.062085,LOSS
2025-12-16 01:54:00,EURJPY-OTC,put,ALTA,False,17.59,False,NEGADO,EMA_CONTRA_TENDENCIA,183.132445,183.133605,LOSS
2025-12-16 01:58:00,EURJPY-OTC,call,ALTA,True,17.06,False,NEGADO,ADX_FRACO,183.207555,183.211665,WIN
2025-12-16 02:13:00,EURJPY-OTC,put,ALTA,False,31.44,True,NEGADO,EMA_CONTRA_TENDENCIA,183.293375,183.291315,WIN
2025-12-16 02:17:00,EURJPY-OTC,call,ALTA,True,29.49,True,APROVADO,OK,183.343015,183.366475,WIN
2025-12-16 02:26:00,EURJPY-OTC,put,ALTA,False,23.28,True,NEGADO,EMA_CONTRA_TENDENCIA,183.328385,183.327775,WIN
2025-12-16 02:37:00,EURJPY-OTC,call,ALTA,True,16.02,False,NEGADO,ADX_FRACO,183.405515,183.393525,LOSS
2025-12-16 02:40:00,EURJPY-OTC,put,ALTA,False,15.28,False,NEGADO,EMA_CONTRA_TENDENCIA,183.314015,183.315245,LOSS
2025-12-16 02:48:00,EURJPY-OTC,call,ALTA,True,13.02,False,NEGADO,ADX_FRACO,183.365955,183.359415,LOSS
2025-12-16 02:51:00,EURJPY-OTC,put,BAIXA,True,12.66,False,NEGADO,ADX_FRACO,183.291125,183.284825,WIN
2025-12-16 02:59:00,EURJPY-OTC,call,ALTA,True,10.45,False,NEGADO,ADX_FRACO,183.353135,183.353375,WIN
2025-12-16 03:06:00,EURJPY-OTC,put,BAIXA,True,10.18,False,NEGADO,ADX_FRACO,183.281215,183.283645,LOSS
2025-12-16 03:13:00,EURJPY-OTC,call,ALTA,True,14.13,False,NEGADO,ADX_FRACO,183.310425,183.310895,WIN
2025-12-16 03:19:00,EURJPY-OTC,put,BAIXA,True,14.41,False,NEGADO,ADX_FRACO,183.243285,183.241435,WIN
2025-12-16 03:35:00,EURJPY-OTC,call,ALTA,True,12.57,False,NEGADO,ADX_FRACO,183.272085,183.270785,LOSS
2025-12-16 03:57:00,EURJPY-OTC,put,BAIXA,True,7.67,False,NEGADO,ADX_FRACO,183.202415,183.204475,LOSS
2025-12-16 04:12:00,EURJPY-OTC,call,BAIXA,False,11.45,False,NEGADO,EMA_CONTRA_TENDENCIA,183.202755,183.203035,WIN
2025-12-16 04:22:00,EURJPY-OTC,put,BAIXA,True,10.86,False,NEGADO,ADX_FRACO,183.153105,183.147335,WIN
2025-12-16 04:27:00,EURJPY-OTC,call,ALTA,True,10.7,False,NEGADO,ADX_FRACO,183.228855,183.226875,LOSS
2025-12-16 04:37:00,EURJPY-OTC,put,BAIXA,True,9.15,False,NEGADO,ADX_FRACO,183.181585,183.180855,WIN
2025-12-16 05:00:00,EURJPY-OTC,call,BAIXA,False,36.38,True,NEGADO,EMA_CONTRA_TENDENCIA,182.934415,182.936355,WIN
2025-12-16 05:08:00,EURJPY-OTC,put,BAIXA,True,28.96,True,APROVADO,OK,182.898925,182.884695,WIN
2025-12-16 05:20:00,EURJPY-OTC,call,BAIXA,False,23.17,True,NEGADO,EMA_CONTRA_TENDENCIA,182.919765,182.917925,LOSS
2025-12-16 05:44:00,EURJPY-OTC,put,ALTA,False,33.61,True,NEGADO,EMA_CONTRA_TENDENCIA,183.116715,183.118315,LOSS
2025-12-16 05:50:00,EURJPY-OTC,call,ALTA,True,33.34,True,APROVADO,OK,183.178145,183.177595,LOSS
2025-12-16 05:53:00,EURJPY-OTC,put,ALTA,False,30.12,True,NEGADO,EMA_CONTRA_TENDENCIA,183.067645,183.068945,LOSS
2025-12-16 06:10:00,EURJPY-OTC,call,BAIXA,False,29.36,True,NEGADO,EMA_CONTRA_TENDENCIA,182.918105,182.921845,WIN
2025-12-16 06:23:00,EURJPY-OTC,put,BAIXA,True,15.59,False,NEGADO,ADX_FRACO,182.864845,182.865875,LOSS
2025-12-16 06:37:00,EURJPY-OTC,call,BAIXA,False,20.0,True,NEGADO,EMA_CONTRA_TENDENCIA,182.801525,182.806305,WIN
2025-12-16 06:48:00,EURJPY-OTC,put,BAIXA,True,15.08,False,NEGADO,ADX_FRACO,182.815715,182.813445,WIN
2025-12-16 06:54:00,EURJPY-OTC,call,ALTA,True,14.16,False,NEGADO,ADX_FRACO,182.869495,182.869595,WIN
2025-12-16 06:56:00,EURJPY-OTC,put,BAIXA,True,13.68,False,NEGADO,ADX_FRACO,182.807215,182.808825,LOSS
2025-12-16 07:12:00,EURJPY-OTC,call,BAIXA,False,19.45,False,NEGADO,EMA_CONTRA_TENDENCIA,182.700165,182.700555,WIN
2025-12-16 07:14:00,EURJPY-OTC,put,BAIXA,True,20.74,True,APROVADO,OK,182.670705,182.618895,WIN
2025-12-16 07:18:00,EURJPY-OTC,call,BAIXA,False,24.28,True,NEGADO,EMA_CONTRA_TENDENCIA,182.728235,182.730505,WIN
2025-12-16 07:23:00,EURJPY-OTC,put,BAIXA,True,25.52,True,APROVADO,OK,182.533725,182.543795,LOSS
2025-12-16 07:55:00,EURJPY-OTC,call,BAIXA,False,37.97,True,NEGADO,EMA_CONTRA_TENDENCIA,182.393105,182.395335,WIN
2025-12-16 07:59:00,EURJPY-OTC,put,BAIXA,True,35.26,True,APROVADO,OK,182.331775,182.356005,LOSS
2025-12-16 08:01:00,EURJPY-OTC,call,BAIXA,False,32.09,True,NEGADO,EMA_CONTRA_TENDENCIA,182.417185,182.427535,WIN
2025-12-16 08:15:00,EURJPY-OTC,put,ALTA,False,25.74,True,NEGADO,EMA_CONTRA_TENDENCIA,182.494205,182.491665,WIN
2025-12-16 08:36:00,EURJPY-OTC,call,BAIXA,False,25.19,True,NEGADO,EMA_CONTRA_TENDENCIA,182.313865,182.315815,WIN
2025-12-16 08:43:00,EURJPY-OTC,put,BAIXA,True,19.83,False,NEGADO,ADX_FRACO,182.268155,182.261545,WIN
2025-12-16 08:47:00,EURJPY-OTC,call,ALTA,True,19.28,False,NEGADO,ADX_FRACO,182.453915,182.454785,WIN
2025-12-16 08:55:00,EURJPY-OTC,put,BAIXA,True,15.86,False,NEGADO,ADX_FRACO,182.306285,182.311425,LOSS
2025-12-16 09:08:00,EURJPY-OTC,call,BAIXA,False,20.5,True,NEGADO,EMA_CONTRA_TENDENCIA,182.303785,182.302765,LOSS
2025-12-16 09:27:00,EURJPY-OTC,put,ALTA,False,28.63,True,NEGADO,EMA_CONTRA_TENDENCIA,182.571715,182.570515,WIN
2025-12-16 09:38:00,EURJPY-OTC,call,ALTA,True,21.65,True,APROVADO,OK,182.488895,182.533975,WIN
2025-12-16 09:46:00,EURJPY-OTC,put,BAIXA,True,18.55,False,NEGADO,ADX_FRACO,182.361445,182.362165,LOSS
2025-12-16 10:14:00,EURJPY-OTC,call,BAIXA,False,31.39,True,NEGADO,EMA_CONTRA_TENDENCIA,182.192525,182.192995,WIN
2025-12-16 10:22:00,EURJPY-OTC,put,BAIXA,True,20.85,True,APROVADO,OK,182.200295,182.177795,WIN
2025-12-16 10:35:00,EURJPY-OTC,call,BAIXA,False,20.88,True,NEGADO,EMA_CONTRA_TENDENCIA,182.096835,182.080325,LOSS
2025-12-16 10:52:00,EURJPY-OTC,put,BAIXA,True,12.78,False,NEGADO,ADX_FRACO,182.051065,182.051115,LOSS
2025-12-16 11:02:00,EURJPY-OTC,call,BAIXA,False,9.34,False,NEGADO,EMA_CONTRA_TENDENCIA,182.117035,182.113025,LOSS
2025-12-16 11:17:00,EURJPY-OTC,put,ALTA,False,36.4,True,NEGADO,EMA_CONTRA_TENDENCIA,182.461275,182.471045,LOSS
2025-12-16 11:36:00,EURJPY-OTC,call,BAIXA,False,30.35,True,NEGADO,EMA_CONTRA_TENDENCIA,182.221915,182.216655,LOSS
2025-12-16 11:38:00,EURJPY-OTC,put,BAIXA,True,30.65,True,APROVADO,OK,182.187335,182.167785,WIN
2025-12-16 11:53:00,EURJPY-OTC,call,BAIXA,False,32.85,True,NEGADO,EMA_CONTRA_TENDENCIA,182.115605,182.110625,LOSS
2025-12-16 12:05:00,EURJPY-OTC,put,BAIXA,True,18.49,False,NEGADO,ADX_FRACO,182.147495,182.146385,WIN
2025-12-16 12:06:00,EURJPY-OTC,call,ALTA,True,18.48,False,NEGADO,ADX_FRACO,182.219675,182.227215,WIN
2025-12-16 12:17:00,EURJPY-OTC,put,ALTA,False,24.99,True,NEGADO,EMA_CONTRA_TENDENCIA,182.276035,182.277215,LOSS
2025-12-16 12:26:00,EURJPY-OTC,call,ALTA,True,24.84,True,APROVADO,OK,182.361505,182.364755,WIN
2025-12-16 12:30:00,EURJPY-OTC,put,ALTA,False,25.92,True,NEGADO,EMA_CONTRA_TENDENCIA,182.263935,182.266355,LOSS
2025-12-16 12:33:00,EURJPY-OTC,call,ALTA,True,25.54,True,APROVADO,OK,182.373825,182.406865,WIN
2025-12-16 12:52:00,EURJPY-OTC,put,ALTA,False,46.24,True,NEGADO,EMA_CONTRA_TENDENCIA,182.551885,182.551725,WIN
2025-12-16 13:08:00,EURJPY-OTC,call,BAIXA,False,27.64,True,NEGADO,EMA_CONTRA_TENDENCIA,182.409525,182.408175,LOSS
2025-12-16 13:12:00,EURJPY-OTC,put,ALTA,False,24.11,True,NEGADO,EMA_CONTRA_TENDENCIA,182.437875,182.436105,WIN
2025-12-16 13:22:00,EURJPY-OTC,call,BAIXA,False,21.53,True,NEGADO,EMA_CONTRA_TENDENCIA,182.392745,182.391355,LOSS
2025-12-16 13:35:00,EURJPY-OTC,put,BAIXA,True,17.71,False,NEGADO,ADX_FRACO,182.386725,182.385735,WIN
2025-12-16 13:45:00,EURJPY-OTC,call,ALTA,True,13.93,False,NEGADO,ADX_FRACO,182.450835,182.452675,WIN
2025-12-16 13:49:00,EURJPY-OTC,put,BAIXA,True,14.94,False,NEGADO,ADX_FRACO,182.340845,182.342375,LOSS
2025-12-16 13:58:00,EURJPY-OTC,call,BAIXA,False,12.04,False,NEGADO,EMA_CONTRA_TENDENCIA,182.371195,182.375055,WIN
2025-12-16 14:13:00,EURJPY-OTC,put,ALTA,False,24.3,True,NEGADO,EMA_CONTRA_TENDENCIA,182.464475,182.463445,WIN
2025-12-16 14:24:00,EURJPY-OTC,call,BAIXA,False,19.74,False,NEGADO,EMA_CONTRA_TENDENCIA,182.424965,182.423785,LOSS
2025-12-16 14:32:00,EURJPY-OTC,put,BAIXA,True,18.38,False,NEGADO,ADX_FRACO,182.417455,182.420415,LOSS
2025-12-16 14:51:00,EURJPY-OTC,call,BAIXA,False,24.76,True,NEGADO,EMA_CONTRA_TENDENCIA,182.341865,182.340505,LOSS
2025-12-16 15:13:00,EURJPY-OTC,put,ALTA,False,45.27,True,NEGADO,EMA_CONTRA_TENDENCIA,182.659855,182.662885,LOSS
2025-12-16 15:30:00,EURJPY-OTC,call,ALTA,True,26.85,True,APROVADO,OK,182.535365,182.518695,LOSS
2025-12-16 15:42:00,EURJPY-OTC,put,BAIXA,True,16.12,False,NEGADO,ADX_FRACO,182.444865,182.445365,LOSS
2025-12-16 15:56:00,EURJPY-OTC,call,ALTA,True,17.99,False,NEGADO,ADX_FRACO,182.512765,182.509585,LOSS
2025-12-16 15:58:00,EURJPY-OTC,put,BAIXA,True,16.66,False,NEGADO,ADX_FRACO,182.415425,182.410815,WIN
2025-12-16 16:06:00,EURJPY-OTC,call,BAIXA,False,14.96,False,NEGADO,EMA_CONTRA_TENDENCIA,182.436305,182.436215,LOSS
2025-12-16 16:14:00,EURJPY-OTC,put,BAIXA,True,15.72,False,NEGADO,ADX_FRACO,182.415515,182.418495,LOSS
2025-12-16 16:25:00,EURJPY-OTC,call,ALTA,True,11.62,False,NEGADO,ADX_FRACO,182.460595,182.464145,WIN
2025-12-16 16:35:00,EURJPY-OTC,put,ALTA,False,14.41,False,NEGADO,EMA_CONTRA_TENDENCIA,182.480765,182.478045,WIN
2025-12-16 16:39:00,EURJPY-OTC,call,ALTA,True,12.47,False,NEGADO,ADX_FRACO,182.595805,182.596105,WIN
2025-12-16 16:49:00,EURJPY-OTC,put,ALTA,False,15.99,False,NEGADO,EMA_CONTRA_TENDENCIA,182.586325,182.590005,LOSS
2025-12-16 17:01:00,EURJPY-OTC,call,ALTA,True,13.96,False,NEGADO,ADX_FRACO,182.630725,182.635015,WIN
2025-12-16 17:23:00,EURJPY-OTC,put,ALTA,False,30.89,True,NEGADO,EMA_CONTRA_TENDENCIA,182.857575,182.853355,WIN
2025-12-16 17:31:00,EURJPY-OTC,call,ALTA,True,21.14,True,APROVADO,OK,182.871865,182.946515,WIN
2025-12-17 01:21:00,EURJPY-OTC,call,BAIXA,False,39.47,True,NEGADO,EMA_CONTRA_TENDENCIA,183.617715,183.617355,LOSS
2025-12-17 01:27:00,EURJPY-OTC,put,BAIXA,True,31.96,True,APROVADO,OK,183.459605,183.480145,LOSS
2025-12-17 02:07:00,EURJPY-OTC,put,BAIXA,True,19.01,False,NEGADO,ADX_FRACO,183.314575,183.312375,WIN
2025-12-17 02:14:00,EURJPY-OTC,call,BAIXA,False,14.04,False,NEGADO,EMA_CONTRA_TENDENCIA,183.380995,183.373815,LOSS
2025-12-17 02:21:00,EURJPY-OTC,put,BAIXA,True,12.34,False,NEGADO,ADX_FRACO,183.288895,183.291925,LOSS
2025-12-17 02:26:00,EURJPY-OTC,call,ALTA,True,10.87,False,NEGADO,ADX_FRACO,183.394315,183.381235,LOSS
2025-12-17 02:44:00,EURJPY-OTC,put,ALTA,False,12.93,False,NEGADO,EMA_CONTRA_TENDENCIA,183.383395,183.383725,LOSS
2025-12-17 02:59:00,EURJPY-OTC,call,BAIXA,False,27.6,True,NEGADO,EMA_CONTRA_TENDENCIA,183.255975,183.256295,WIN
2025-12-17 03:08:00,EURJPY-OTC,put,BAIXA,True,24.07,True,APROVADO,OK,183.223665,183.197185,WIN
2025-12-17 03:16:00,EURJPY-OTC,call,BAIXA,False,26.28,True,NEGADO,EMA_CONTRA_TENDENCIA,183.270685,183.266665,LOSS
2025-12-17 03:24:00,EURJPY-OTC,put,BAIXA,True,21.28,True,APROVADO,OK,183.189185,183.160925,WIN
2025-12-17 03:38:00,EURJPY-OTC,call,BAIXA,False,29.17,True,NEGADO,EMA_CONTRA_TENDENCIA,183.079055,183.076055,LOSS
2025-12-17 03:39:00,EURJPY-OTC,put,BAIXA,True,29.66,True,APROVADO,OK,183.050045,183.023525,WIN
2025-12-17 03:51:00,EURJPY-OTC,call,BAIXA,False,41.37,True,NEGADO,EMA_CONTRA_TENDENCIA,182.914965,182.915575,WIN
2025-12-17 04:06:00,EURJPY-OTC,put,BAIXA,True,30.51,True,APROVADO,OK,181.834115,181.838325,LOSS
2025-12-17 04:35:00,EURJPY-OTC,call,BAIXA,False,61.93,True,NEGADO,EMA_CONTRA_TENDENCIA,181.674205,181.671585,LOSS
2025-12-17 04:52:00,EURJPY-OTC,put,BAIXA,True,27.52,True,APROVADO,OK,181.751885,181.750635,WIN
2025-12-17 05:13:00,EURJPY-OTC,call,BAIXA,False,22.8,True,NEGADO,EMA_CONTRA_TENDENCIA,181.705635,181.705465,LOSS
2025-12-17 05:21:00,EURJPY-OTC,put,BAIXA,True,15.95,False,NEGADO,ADX_FRACO,181.663015,181.655325,WIN
2025-12-17 05:31:00,EURJPY-OTC,call,BAIXA,False,14.35,False,NEGADO,EMA_CONTRA_TENDENCIA,181.668325,181.665895,LOSS
2025-12-17 05:41:00,EURJPY-OTC,put,BAIXA,True,14.52,False,NEGADO,ADX_FRACO,181.703925,181.703555,WIN
2025-12-17 05:45:00,EURJPY-OTC,call,ALTA,True,12.16,False,NEGADO,ADX_FRACO,181.766615,181.765245,LOSS
2025-12-17 05:57:00,EURJPY-OTC,put,ALTA,False,18.61,False,NEGADO,EMA_CONTRA_TENDENCIA,181.848835,181.846955,WIN
2025-12-17 05:58:00,EURJPY-OTC,call,ALTA,True,19.81,False,NEGADO,ADX_FRACO,181.903715,181.904535,WIN
2025-12-17 06:08:00,EURJPY-OTC,put,ALTA,False,22.6,True,NEGADO,EMA_CONTRA_TENDENCIA,181.834895,181.830855,WIN
2025-12-17 06:17:00,EURJPY-OTC,call,ALTA,True,13.77,False,NEGADO,ADX_FRACO,181.964975,181.965855,WIN
2025-12-17 06:30:00,EURJPY-OTC,put,ALTA,False,18.73,False,NEGADO,EMA_CONTRA_TENDENCIA,181.984525,181.993265,LOSS
2025-12-17 06:39:00,EURJPY-OTC,call,ALTA,True,14.41,False,NEGADO,ADX_FRACO,182.040585,182.040435,LOSS
2025-12-17 06:43:00,EURJPY-OTC,put,ALTA,False,13.78,False,NEGADO,EMA_CONTRA_TENDENCIA,181.949955,181.947485,WIN
2025-12-17 06:54:00,EURJPY-OTC,call,ALTA,True,13.32,False,NEGADO,ADX_FRACO,181.981325,181.986485,WIN
2025-12-17 07:07:00,EURJPY-OTC,put,BAIXA,True,14.08,False,NEGADO,ADX_FRACO,181.941055,181.937965,WIN
2025-12-17 07:25:00,EURJPY-OTC,call,BAIXA,False,24.58,True,NEGADO,EMA_CONTRA_TENDENCIA,181.769465,181.766975,LOSS
2025-12-17 07:40:00,EURJPY-OTC,put,ALTA,False,24.8,True,NEGADO,EMA_CONTRA_TENDENCIA,181.931135,181.930115,WIN
2025-12-17 07:48:00,EURJPY-OTC,call,ALTA,True,22.26,True,APROVADO,OK,181.988855,181.998275,WIN
2025-12-17 07:59:00,EURJPY-OTC,put,ALTA,False,20.1,True,NEGADO,EMA_CONTRA_TENDENCIA,181.966835,181.968045,LOSS
2025-12-17 08:03:00,EURJPY-OTC,call,ALTA,True,18.16,False,NEGADO,ADX_FRACO,182.080935,182.082395,WIN
2025-12-17 08:18:00,EURJPY-OTC,put,ALTA,False,30.44,True,NEGADO,EMA_CONTRA_TENDENCIA,182.128205,182.124645,WIN
2025-12-17 08:31:00,EURJPY-OTC,call,ALTA,True,22.37,True,APROVADO,OK,182.056585,182.055085,LOSS
2025-12-17 08:34:00,EURJPY-OTC,put,BAIXA,True,23.14,True,APROVADO,OK,181.947625,181.993815,LOSS
2025-12-17 08:39:00,EURJPY-OTC,call,ALTA,True,21.52,True,APROVADO,OK,182.072725,182.067925,LOSS
2025-12-17 08:52:00,EURJPY-OTC,put,ALTA,False,16.58,False,NEGADO,EMA_CONTRA_TENDENCIA,182.105055,182.105715,LOSS
2025-12-17 09:02:00,EURJPY-OTC,call,ALTA,True,10.53,False,NEGADO,ADX_FRACO,182.122375,182.122895,WIN
2025-12-17 09:17:00,EURJPY-OTC,put,ALTA,False,21.48,True,NEGADO,EMA_CONTRA_TENDENCIA,182.166545,182.164845,WIN
2025-12-17 09:29:00,EURJPY-OTC,call,BAIXA,False,19.28,False,NEGADO,EMA_CONTRA_TENDENCIA,182.059635,182.061085,WIN
2025-12-17 09:50:00,EURJPY-OTC,put,ALTA,False,23.99,True,NEGADO,EMA_CONTRA_TENDENCIA,182.179535,182.181015,LOSS
2025-12-17 09:52:00,EURJPY-OTC,call,ALTA,True,24.85,True,APROVADO,OK,182.238995,182.257445,WIN
2025-12-17 09:56:00,EURJPY-OTC,put,ALTA,False,26.13,True,NEGADO,EMA_CONTRA_TENDENCIA,182.171935,182.175935,LOSS
2025-12-17 10:14:00,EURJPY-OTC,call,BAIXA,False,23.84,True,NEGADO,EMA_CONTRA_TENDENCIA,181.981165,181.980865,LOSS
2025-12-17 10:26:00,EURJPY-OTC,put,BAIXA,True,14.1,False,NEGADO,ADX_FRACO,181.952015,181.961025,LOSS
2025-12-17 10:39:00,EURJPY-OTC,call,BAIXA,False,29.0,True,NEGADO,EMA_CONTRA_TENDENCIA,181.910585,181.912465,WIN
2025-12-17 10:54:00,EURJPY-OTC,put,ALTA,False,23.28,True,NEGADO,EMA_CONTRA_TENDENCIA,182.046145,182.046545,LOSS
2025-12-17 10:55:00,EURJPY-OTC,call,ALTA,True,23.7,True,APROVADO,OK,182.107305,182.124315,WIN
2025-12-17 11:06:00,EURJPY-OTC,put,ALTA,False,25.3,True,NEGADO,EMA_CONTRA_TENDENCIA,182.110185,182.109275,WIN
2025-12-17 11:22:00,EURJPY-OTC,call,BAIXA,False,20.67,True,NEGADO,EMA_CONTRA_TENDENCIA,181.961025,181.956135,LOSS
2025-12-17 11:33:00,EURJPY-OTC,put,BAIXA,True,14.59,False,NEGADO,ADX_FRACO,181.933295,181.935505,LOSS
2025-12-17 11:43:00,EURJPY-OTC,call,BAIXA,False,22.83,True,NEGADO,EMA_CONTRA_TENDENCIA,181.931275,181.927795,LOSS
2025-12-17 11:57:00,EURJPY-OTC,put,ALTA,False,21.02,True,NEGADO,EMA_CONTRA_TENDENCIA,182.073365,182.072995,WIN
2025-12-17 12:02:00,EURJPY-OTC,call,ALTA,True,16.97,False,NEGADO,ADX_FRACO,182.135415,182.139675,WIN
2025-12-17 12:14:00,EURJPY-OTC,put,ALTA,False,11.07,False,NEGADO,EMA_CONTRA_TENDENCIA,182.093225,182.092905,WIN
2025-12-17 12:21:00,EURJPY-OTC,call,ALTA,True,9.81,False,NEGADO,ADX_FRACO,182.133725,182.132215,LOSS
2025-12-17 12:33:00,EURJPY-OTC,put,ALTA,False,26.06,True,NEGADO,EMA_CONTRA_TENDENCIA,182.203545,182.202325,WIN
2025-12-17 12:38:00,EURJPY-OTC,call,ALTA,True,24.57,True,APROVADO,OK,182.265115,182.237665,LOSS
2025-12-17 12:41:00,EURJPY-OTC,put,ALTA,False,22.01,True,NEGADO,EMA_CONTRA_TENDENCIA,182.177515,182.172985,WIN
2025-12-17 13:06:00,EURJPY-OTC,call,BAIXA,False,47.38,True,NEGADO,EMA_CONTRA_TENDENCIA,181.873545,181.874915,WIN
2025-12-17 13:12:00,EURJPY-OTC,put,BAIXA,True,37.53,True,APROVADO,OK,181.839375,181.855815,LOSS
2025-12-17 13:18:00,EURJPY-OTC,call,BAIXA,False,26.87,True,NEGADO,EMA_CONTRA_TENDENCIA,181.961405,181.962175,WIN
2025-12-17 13:30:00,EURJPY-OTC,put,BAIXA,True,17.27,False,NEGADO,ADX_FRACO,181.889575,181.899925,LOSS
2025-12-17 13:46:00,EURJPY-OTC,call,BAIXA,False,18.87,False,NEGADO,EMA_CONTRA_TENDENCIA,181.824945,181.829445,WIN
2025-12-17 13:49:00,EURJPY-OTC,put,BAIXA,True,17.07,False,NEGADO,ADX_FRACO,181.744475,181.743535,WIN
2025-12-17 14:13:00,EURJPY-OTC,call,BAIXA,False,23.56,True,NEGADO,EMA_CONTRA_TENDENCIA,181.611215,181.602125,LOSS
2025-12-17 14:19:00,EURJPY-OTC,put,BAIXA,True,25.29,True,APROVADO,OK,181.601875,181.583515,WIN
2025-12-17 14:28:00,EURJPY-OTC,call,BAIXA,False,25.56,True,NEGADO,EMA_CONTRA_TENDENCIA,181.599915,181.599505,LOSS
2025-12-17 14:33:00,EURJPY-OTC,put,BAIXA,True,22.88,True,APROVADO,OK,181.522035,181.526555,LOSS
2025-12-17 14:42:00,EURJPY-OTC,call,BAIXA,False,26.03,True,NEGADO,EMA_CONTRA_TENDENCIA,181.568245,181.566385,LOSS
2025-12-17 14:53:00,EURJPY-OTC,put,ALTA,False,27.56,True,NEGADO,EMA_CONTRA_TENDENCIA,181.654125,181.653395,WIN
2025-12-17 15:03:00,EURJPY-OTC,call,ALTA,True,18.33,False,NEGADO,ADX_FRACO,181.649705,181.656515,WIN
2025-12-17 15:24:00,EURJPY-OTC,put,ALTA,False,37.46,True,NEGADO,EMA_CONTRA_TENDENCIA,181.817215,181.809315,WIN
2025-12-17 15:43:00,EURJPY-OTC,call,BAIXA,False,22.85,True,NEGADO,EMA_CONTRA_TENDENCIA,181.621465,181.631785,WIN
2025-12-17 15:58:00,EURJPY-OTC,put,ALTA,False,22.85,True,NEGADO,EMA_CONTRA_TENDENCIA,181.695305,181.693345,WIN
2025-12-17 16:10:00,EURJPY-OTC,call,BAIXA,False,16.3,False,NEGADO,EMA_CONTRA_TENDENCIA,181.627645,181.634225,WIN
2025-12-17 16:21:00,EURJPY-OTC,put,BAIXA,True,9.74,False,NEGADO,ADX_FRACO,181.599695,181.597165,WIN
2025-12-17 16:38:00,EURJPY-OTC,call,BAIXA,False,23.44,True,NEGADO,EMA_CONTRA_TENDENCIA,181.566205,181.567045,WIN
2025-12-17 16:46:00,EURJPY-OTC,put,BAIXA,True,20.1,True,APROVADO,OK,181.490545,181.513415,LOSS
2025-12-17 16:49:00,EURJPY-OTC,call,ALTA,True,18.48,False,NEGADO,ADX_FRACO,181.573975,181.571805,LOSS
2025-12-17 16:52:00,EURJPY-OTC,put,BAIXA,True,16.94,False,NEGADO,ADX_FRACO,181.496045,181.496765,LOSS
2025-12-17 17:01:00,EURJPY-OTC,call,BAIXA,False,19.25,False,NEGADO,EMA_CONTRA_TENDENCIA,181.499105,181.500075,WIN
2025-12-17 17:11:00,EURJPY-OTC,put,BAIXA,True,13.59,False,NEGADO,ADX_FRACO,181.428935,181.430285,LOSS
2025-12-17 17:21:00,EURJPY-OTC,call,BAIXA,False,16.52,False,NEGADO,EMA_CONTRA_TENDENCIA,181.445125,181.441755,LOSS
2025-12-17 17:28:00,EURJPY-OTC,put,BAIXA,True,12.79,False,NEGADO,ADX_FRACO,181.317835,181.312675,WIN
2025-12-17 17:39:00,EURJPY-OTC,call,BAIXA,False,9.62,False,NEGADO,EMA_CONTRA_TENDENCIA,181.379215,181.381235,WIN
2025-12-17 17:50:00,EURJPY-OTC,put,BAIXA,True,8.32,False,NEGADO,ADX_FRACO,181.298325,181.295095,WIN
2025-12-17 17:57:00,EURJPY-OTC,call,ALTA,True,10.07,False,NEGADO,ADX_FRACO,181.299155,181.382045,WIN
2025-12-17 18:12:00,EURJPY-OTC,put,ALTA,False,32.02,True,NEGADO,EMA_CONTRA_TENDENCIA,181.623275,181.631055,LOSS
2025-12-17 18:13:00,EURJPY-OTC,call,ALTA,True,32.56,True,APROVADO,OK,181.682865,181.710545,WIN
2025-12-17 18:29:00,EURJPY-OTC,put,ALTA,False,38.29,True,NEGADO,EMA_CONTRA_TENDENCIA,181.782065,181.777265,WIN
2025-12-17 18:39:00,EURJPY-OTC,call,ALTA,True,23.18,True,APROVADO,OK,181.799575,181.785545,LOSS
2025-12-17 18:46:00,EURJPY-OTC,put,BAIXA,True,19.49,False,NEGADO,ADX_FRACO,181.652985,181.655125,LOSS
2025-12-17 18:54:00,EURJPY-OTC,call,ALTA,True,16.5,False,NEGADO,ADX_FRACO,181.773955,181.773305,LOSS
2025-12-17 19:05:00,EURJPY-OTC,put,ALTA,False,13.14,False,NEGADO,EMA_CONTRA_TENDENCIA,181.789315,181.782175,WIN
2025-12-17 19:15:00,EURJPY-OTC,call,ALTA,True,10.15,False,NEGADO,ADX_FRACO,181.831595,181.829235,LOSS
2025-12-17 19:17:00,EURJPY-OTC,put,BAIXA,True,9.88,False,NEGADO,ADX_FRACO,181.718525,181.716455,WIN
2025-12-17 19:24:00,EURJPY-OTC,call,ALTA,True,15.64,False,NEGADO,ADX_FRACO,181.768865,181.765465,LOSS
2025-12-17 19:36:00,EURJPY-OTC,put,BAIXA,True,13.78,False,NEGADO,ADX_FRACO,181.752615,181.752995,LOSS
2025-12-17 19:44:00,EURJPY-OTC,call,ALTA,True,11.37,False,NEGADO,ADX_FRACO,181.866425,181.863545,LOSS
2025-12-17 19:52:00,EURJPY-OTC,put,BAIXA,True,11.1,False,NEGADO,ADX_FRACO,181.774575,181.776335,LOSS
2025-12-17 20:13:00,EURJPY-OTC,call,BAIXA,False,34.59,True,NEGADO,EMA_CONTRA_TENDENCIA,181.579095,181.576765,LOSS
2025-12-17 20:17:00,EURJPY-OTC,put,BAIXA,True,34.62,True,APROVADO,OK,181.457525,181.409525,WIN
2025-12-17 20:55:00,EURJPY-OTC,call,BAIXA,False,58.85,True,NEGADO,EMA_CONTRA_TENDENCIA,181.036575,181.036355,LOSS
2025-12-17 21:03:00,EURJPY-OTC,put,BAIXA,True,43.22,True,APROVADO,OK,181.051985,180.999985,WIN
2025-12-17 21:14:00,EURJPY-OTC,call,BAIXA,False,47.69,True,NEGADO,EMA_CONTRA_TENDENCIA,180.918095,180.908845,LOSS
2025-12-17 21:26:00,EURJPY-OTC,put,BAIXA,True,35.57,True,APROVADO,OK,180.855955,180.811675,WIN
2025-12-17 21:51:00,EURJPY-OTC,call,BAIXA,False,47.34,True,NEGADO,EMA_CONTRA_TENDENCIA,180.439845,180.439645,LOSS
2025-12-17 22:02:00,EURJPY-OTC,put,BAIXA,True,43.34,True,APROVADO,OK,180.398835,180.399325,LOSS
2025-12-17 22:07:00,EURJPY-OTC,call,BAIXA,False,36.57,True,NEGADO,EMA_CONTRA_TENDENCIA,180.465855,180.462605,LOSS
2025-12-17 22:33:00,EURJPY-OTC,put,ALTA,False,33.3,True,NEGADO,EMA_CONTRA_TENDENCIA,180.765765,180.774925,LOSS
2025-12-17 22:34:00,EURJPY-OTC,call,ALTA,True,34.15,True,APROVADO,OK,180.844945,180.798195,LOSS
2025-12-17 22:44:00,EURJPY-OTC,put,ALTA,False,37.73,True,NEGADO,EMA_CONTRA_TENDENCIA,180.814705,180.812715,WIN
2025-12-17 22:54:00,EURJPY-OTC,call,ALTA,True,21.78,True,APROVADO,OK,180.776115,180.774605,LOSS
2025-12-17 22:56:00,EURJPY-OTC,put,BAIXA,True,19.64,False,NEGADO,ADX_FRACO,180.720725,180.719845,WIN
2025-12-17 23:03:00,EURJPY-OTC,call,ALTA,True,15.47,False,NEGADO,ADX_FRACO,180.772085,180.767145,LOSS
2025-12-17 23:12:00,EURJPY-OTC,put,BAIXA,True,20.6,True,APROVADO,OK,180.722585,180.769475,LOSS
2025-12-17 23:31:00,EURJPY-OTC,call,BAIXA,False,30.9,True,NEGADO,EMA_CONTRA_TENDENCIA,180.528535,180.524895,LOSS
2025-12-17 23:38:00,EURJPY-OTC,put,BAIXA,True,24.68,True,APROVADO,OK,180.521115,180.582275,LOSS
2025-12-17 23:46:00,EURJPY-OTC,call,ALTA,True,18.65,False,NEGADO,ADX_FRACO,180.639875,180.636595,LOSS
2025-12-17 23:58:00,EURJPY-OTC,put,BAIXA,True,22.21,True,APROVADO,OK,180.653345,180.699115,LOSS
2025-12-18 00:08:00,EURJPY-OTC,call,ALTA,True,15.45,False,NEGADO,ADX_FRACO,180.803235,180.801285,LOSS
2025-12-18 00:21:00,EURJPY-OTC,put,ALTA,False,30.66,True,NEGADO,EMA_CONTRA_TENDENCIA,180.854405,180.855415,LOSS
2025-12-18 00:27:00,EURJPY-OTC,call,ALTA,True,29.01,True,APROVADO,OK,180.901825,180.893445,LOSS
2025-12-18 00:53:00,EURJPY-OTC,put,ALTA,False,50.37,True,NEGADO,EMA_CONTRA_TENDENCIA,181.201205,181.210275,LOSS
2025-12-18 01:14:00,EURJPY-OTC,call,BAIXA,False,32.42,True,NEGADO,EMA_CONTRA_TENDENCIA,180.958395,180.955995,LOSS
2025-12-18 01:17:00,EURJPY-OTC,put,BAIXA,True,35.11,True,APROVADO,OK,180.893035,180.871585,WIN
2025-12-18 01:31:00,EURJPY-OTC,call,BAIXA,False,40.36,True,NEGADO,EMA_CONTRA_TENDENCIA,180.878085,180.876945,LOSS
2025-12-18 01:35:00,EURJPY-OTC,put,BAIXA,True,38.95,True,APROVADO,OK,180.772595,180.746235,WIN
2025-12-18 01:41:00,EURJPY-OTC,call,BAIXA,False,38.01,True,NEGADO,EMA_CONTRA_TENDENCIA,180.808125,180.805245,LOSS
2025-12-18 01:57:00,EURJPY-OTC,put,BAIXA,True,23.76,True,APROVADO,OK,180.742115,180.727735,WIN
2025-12-18 02:11:00,EURJPY-OTC,call,BAIXA,False,23.57,True,NEGADO,EMA_CONTRA_TENDENCIA,180.754455,180.750235,LOSS
2025-12-18 02:37:00,EURJPY-OTC,put,ALTA,False,54.05,True,NEGADO,EMA_CONTRA_TENDENCIA,181.139065,181.138315,WIN
2025-12-18 02:39:00,EURJPY-OTC,call,ALTA,True,55.11,True,APROVADO,OK,181.169985,181.137575,LOSS
2025-12-18 02:41:00,EURJPY-OTC,put,ALTA,False,54.7,True,NEGADO,EMA_CONTRA_TENDENCIA,181.116375,181.117085,LOSS
2025-12-18 02:47:00,EURJPY-OTC,call,ALTA,True,48.97,True,APROVADO,OK,181.145155,181.100225,LOSS
2025-12-18 02:48:00,EURJPY-OTC,put,ALTA,False,47.07,True,NEGADO,EMA_CONTRA_TENDENCIA,181.097215,181.101055,LOSS
2025-12-18 02:58:00,EURJPY-OTC,call,ALTA,True,28.07,True,APROVADO,OK,181.046185,181.018785,LOSS
2025-12-18 03:02:00,EURJPY-OTC,put,BAIXA,True,24.9,True,APROVADO,OK,180.997555,180.967915,WIN
2025-12-18 03:19:00,EURJPY-OTC,call,BAIXA,False,38.04,True,NEGADO,EMA_CONTRA_TENDENCIA,180.817515,180.822005,WIN
2025-12-18 03:35:00,EURJPY-OTC,put,ALTA,False,33.82,True,NEGADO,EMA_CONTRA_TENDENCIA,180.971885,180.973505,LOSS
2025-12-18 03:47:00,EURJPY-OTC,call,ALTA,True,17.7,False,NEGADO,ADX_FRACO,180.944195,180.952945,WIN
2025-12-18 03:59:00,EURJPY-OTC,put,ALTA,False,14.41,False,NEGADO,EMA_CONTRA_TENDENCIA,180.961065,180.962145,LOSS
2025-12-18 04:19:00,EURJPY-OTC,call,BAIXA,False,32.74,True,NEGADO,EMA_CONTRA_TENDENCIA,180.743195,180.746065,WIN
2025-12-18 04:24:00,EURJPY-OTC,put,BAIXA,True,30.53,True,APROVADO,OK,180.671755,180.696825,LOSS
2025-12-18 04:26:00,EURJPY-OTC,call,BAIXA,False,29.21,True,NEGADO,EMA_CONTRA_TENDENCIA,180.736815,180.744375,WIN
2025-12-18 04:29:00,EURJPY-OTC,put,BAIXA,True,25.87,True,APROVADO,OK,180.666375,180.659755,WIN
2025-12-18 04:35:00,EURJPY-OTC,call,BAIXA,False,21.64,True,NEGADO,EMA_CONTRA_TENDENCIA,180.706665,180.708685,WIN
2025-12-18 04:39:00,EURJPY-OTC,put,BAIXA,True,21.05,True,APROVADO,OK,180.570955,180.594765,LOSS
2025-12-18 05:05:00,EURJPY-OTC,call,BAIXA,False,41.02,True,NEGADO,EMA_CONTRA_TENDENCIA,180.393785,180.394385,WIN
2025-12-18 05:10:00,EURJPY-OTC,put,BAIXA,True,42.59,True,APROVADO,OK,180.369625,180.390565,LOSS
2025-12-18 05:13:00,EURJPY-OTC,call,BAIXA,False,41.04,True,NEGADO,EMA_CONTRA_TENDENCIA,180.374575,180.377535,WIN
2025-12-18 05:19:00,EURJPY-OTC,put,BAIXA,True,35.26,True,APROVADO,OK,180.321965,180.324865,LOSS
2025-12-18 05:29:00,EURJPY-OTC,call,BAIXA,False,35.67,True,NEGADO,EMA_CONTRA_TENDENCIA,180.326385,180.329765,WIN
2025-12-18 05:54:00,EURJPY-OTC,put,ALTA,False,30.04,True,NEGADO,EMA_CONTRA_TENDENCIA,180.486665,180.489395,LOSS
2025-12-18 06:05:00,EURJPY-OTC,call,BAIXA,False,27.61,True,NEGADO,EMA_CONTRA_TENDENCIA,180.405985,180.404635,LOSS
2025-12-18 06:15:00,EURJPY-OTC,put,BAIXA,True,17.8,False,NEGADO,ADX_FRACO,180.360565,180.362025,LOSS
2025-12-18 06:34:00,EURJPY-OTC,call,BAIXA,False,34.54,True,NEGADO,EMA_CONTRA_TENDENCIA,180.141745,180.150675,WIN
2025-12-18 06:36:00,EURJPY-OTC,put,BAIXA,True,35.37,True,APROVADO,OK,180.074745,180.048315,WIN
2025-12-18 06:43:00,EURJPY-OTC,call,BAIXA,False,32.43,True,NEGADO,EMA_CONTRA_TENDENCIA,180.192095,180.190785,LOSS
2025-12-18 06:57:00,EURJPY-OTC,put,BAIXA,True,21.38,True,APROVADO,OK,180.218005,180.264705,LOSS
2025-12-18 07:00:00,EURJPY-OTC,call,ALTA,True,22.15,True,APROVADO,OK,180.323885,180.342835,WIN
2025-12-18 07:08:00,EURJPY-OTC,put,ALTA,False,23.43,True,NEGADO,EMA_CONTRA_TENDENCIA,180.284635,180.285535,LOSS
2025-12-18 07:18:00,EURJPY-OTC,call,ALTA,True,14.22,False,NEGADO,ADX_FRACO,180.284035,180.286535,WIN
2025-12-18 07:26:00,EURJPY-OTC,put,BAIXA,True,12.1,False,NEGADO,ADX_FRACO,180.260315,180.257355,WIN
2025-12-18 07:47:00,EURJPY-OTC,call,BAIXA,False,39.36,True,NEGADO,EMA_CONTRA_TENDENCIA,180.030175,180.029685,LOSS
2025-12-18 08:01:00,EURJPY-OTC,put,BAIXA,True,26.05,True,APROVADO,OK,179.972975,179.976315,LOSS
2025-12-18 08:17:00,EURJPY-OTC,call,BAIXA,False,32.82,True,NEGADO,EMA_CONTRA_TENDENCIA,179.840695,179.843565,WIN
2025-12-18 08:20:00,EURJPY-OTC,put,BAIXA,True,34.27,True,APROVADO,OK,179.771405,179.779385,LOSS
2025-12-18 08:30:00,EURJPY-OTC,call,BAIXA,False,38.76,True,NEGADO,EMA_CONTRA_TENDENCIA,179.772055,179.772815,WIN
2025-12-18 08:35:00,EURJPY-OTC,put,BAIXA,True,32.25,True,APROVADO,OK,179.759515,179.749905,WIN
2025-12-18 08:46:00,EURJPY-OTC,call,BAIXA,False,23.91,True,NEGADO,EMA_CONTRA_TENDENCIA,179.790295,179.789225,LOSS
2025-12-18 08:50:00,EURJPY-OTC,put,BAIXA,True,18.92,False,NEGADO,ADX_FRACO,179.736745,179.736275,WIN
2025-12-18 08:54:00,EURJPY-OTC,call,BAIXA,False,16.07,False,NEGADO,EMA_CONTRA_TENDENCIA,179.777815,179.781375,WIN
2025-12-18 08:56:00,EURJPY-OTC,put,BAIXA,True,15.38,False,NEGADO,ADX_FRACO,179.745535,179.743685,WIN
2025-12-18 09:05:00,EURJPY-OTC,call,BAIXA,False,13.59,False,NEGADO,EMA_CONTRA_TENDENCIA,179.770125,179.767155,LOSS
2025-12-18 09:11:00,EURJPY-OTC,put,BAIXA,True,10.18,False,NEGADO,ADX_FRACO,179.683025,179.683295,LOSS
2025-12-18 09:20:00,EURJPY-OTC,call,ALTA,True,8.11,False,NEGADO,ADX_FRACO,179.769025,179.769235,WIN
2025-12-18 09:34:00,EURJPY-OTC,put,ALTA,False,31.98,True,NEGADO,EMA_CONTRA_TENDENCIA,179.925435,179.925015,WIN
2025-12-18 10:00:00,EURJPY-OTC,call,BAIXA,False,37.6,True,NEGADO,EMA_CONTRA_TENDENCIA,179.594395,179.594395,LOSS
2025-12-18 10:09:00,EURJPY-OTC,put,BAIXA,True,26.61,True,APROVADO,OK,179.598385,179.575725,WIN
2025-12-18 10:21:00,EURJPY-OTC,call,BAIXA,False,36.65,True,NEGADO,EMA_CONTRA_TENDENCIA,179.572215,179.569325,LOSS
2025-12-18 10:29:00,EURJPY-OTC,put,BAIXA,True,34.6,True,APROVADO,OK,179.436495,179.419245,WIN
2025-12-18 10:56:00,EURJPY-OTC,call,BAIXA,False,46.69,True,NEGADO,EMA_CONTRA_TENDENCIA,179.153965,179.153735,LOSS
2025-12-18 11:02:00,EURJPY-OTC,put,BAIXA,True,35.36,True,APROVADO,OK,179.085365,179.132755,LOSS
2025-12-18 11:09:00,EURJPY-OTC,call,BAIXA,False,26.2,True,NEGADO,EMA_CONTRA_TENDENCIA,179.200685,179.207035,WIN
2025-12-18 11:24:00,EURJPY-OTC,put,BAIXA,True,30.92,True,APROVADO,OK,179.299485,179.293315,WIN
2025-12-18 11:41:00,EURJPY-OTC,call,BAIXA,False,31.31,True,NEGADO,EMA_CONTRA_TENDENCIA,179.157465,179.157065,LOSS
2025-12-18 11:56:00,EURJPY-OTC,put,BAIXA,True,17.93,False,NEGADO,ADX_FRACO,179.176265,179.174795,WIN
2025-12-18 12:01:00,EURJPY-OTC,call,BAIXA,False,15.79,False,NEGADO,EMA_CONTRA_TENDENCIA,179.191815,179.192475,WIN
2025-12-18 12:10:00,EURJPY-OTC,put,BAIXA,True,16.21,False,NEGADO,ADX_FRACO,179.202325,179.202625,LOSS
2025-12-18 12:31:00,EURJPY-OTC,call,BAIXA,False,23.98,True,NEGADO,EMA_CONTRA_TENDENCIA,179.051115,179.052855,WIN
2025-12-18 12:37:00,EURJPY-OTC,put,BAIXA,True,19.75,False,NEGADO,ADX_FRACO,179.002585,179.004315,LOSS
2025-12-18 12:46:00,EURJPY-OTC,call,BAIXA,False,23.01,True,NEGADO,EMA_CONTRA_TENDENCIA,178.965665,178.966995,WIN
2025-12-18 13:08:00,EURJPY-OTC,put,ALTA,False,33.75,True,NEGADO,EMA_CONTRA_TENDENCIA,179.162285,179.152995,WIN
2025-12-18 13:17:00,EURJPY-OTC,call,ALTA,True,26.12,True,APROVADO,OK,179.158545,179.123935,LOSS
2025-12-18 13:22:00,EURJPY-OTC,put,BAIXA,True,20.43,True,APROVADO,OK,179.075095,179.025685,WIN
2025-12-18 13:28:00,EURJPY-OTC,call,ALTA,True,20.67,True,APROVADO,OK,179.175965,179.175655,LOSS
2025-12-18 13:46:00,EURJPY-OTC,put,ALTA,False,18.65,False,NEGADO,EMA_CONTRA_TENDENCIA,179.143225,179.148025,LOSS
2025-12-18 14:09:00,EURJPY-OTC,call,ALTA,True,10.01,False,NEGADO,ADX_FRACO,179.137375,179.135435,LOSS
2025-12-18 14:19:00,EURJPY-OTC,put,BAIXA,True,21.36,True,APROVADO,OK,179.107835,179.121775,LOSS
2025-12-18 14:31:00,EURJPY-OTC,call,BAIXA,False,16.5,False,NEGADO,EMA_CONTRA_TENDENCIA,179.045465,179.046105,WIN
2025-12-18 14:41:00,EURJPY-OTC,put,BAIXA,True,12.94,False,NEGADO,ADX_FRACO,178.978755,178.977275,WIN
2025-12-18 14:46:00,EURJPY-OTC,call,BAIXA,False,14.42,False,NEGADO,EMA_CONTRA_TENDENCIA,179.016505,179.017885,WIN
2025-12-18 14:48:00,EURJPY-OTC,put,BAIXA,True,14.17,False,NEGADO,ADX_FRACO,178.927375,178.927665,LOSS
2025-12-18 14:51:00,EURJPY-OTC,call,ALTA,True,14.07,False,NEGADO,ADX_FRACO,179.092355,179.093035,WIN
2025-12-18 15:04:00,EURJPY-OTC,put,BAIXA,True,11.44,False,NEGADO,ADX_FRACO,179.063755,179.060795,WIN
2025-12-18 15:17:00,EURJPY-OTC,call,BAIXA,False,19.51,False,NEGADO,EMA_CONTRA_TENDENCIA,178.996095,178.998745,WIN
2025-12-18 15:23:00,EURJPY-OTC,put,BAIXA,True,18.57,False,NEGADO,ADX_FRACO,178.888295,178.886045,WIN
2025-12-18 15:38:00,EURJPY-OTC,call,BAIXA,False,32.1,True,NEGADO,EMA_CONTRA_TENDENCIA,178.727915,178.728245,WIN
2025-12-18 15:51:00,EURJPY-OTC,put,BAIXA,True,22.59,True,APROVADO,OK,178.691615,178.741955,LOSS
2025-12-18 15:56:00,EURJPY-OTC,call,BAIXA,False,19.69,False,NEGADO,EMA_CONTRA_TENDENCIA,178.806375,178.806335,LOSS
2025-12-18 16:06:00,EURJPY-OTC,put,BAIXA,True,14.34,False,NEGADO,ADX_FRACO,178.761355,178.763725,LOSS
2025-12-18 16:21:00,EURJPY-OTC,call,BAIXA,False,28.16,True,NEGADO,EMA_CONTRA_TENDENCIA,178.673255,178.671425,LOSS
2025-12-18 16:31:00,EURJPY-OTC,put,BAIXA,True,21.95,True,APROVADO,OK,178.694225,178.704815,LOSS
2025-12-18 16:48:00,EURJPY-OTC,call,BAIXA,False,22.59,True,NEGADO,EMA_CONTRA_TENDENCIA,178.480635,178.482065,WIN
2025-12-18 16:49:00,EURJPY-OTC,put,BAIXA,True,23.34,True,APROVADO,OK,178.435585,178.463275,LOSS
2025-12-18 16:55:00,EURJPY-OTC,call,BAIXA,False,24.5,True,NEGADO,EMA_CONTRA_TENDENCIA,178.518095,178.518295,WIN
2025-12-18 17:03:00,EURJPY-OTC,put,BAIXA,True,19.43,False,NEGADO,ADX_FRACO,178.379695,178.377465,WIN
2025-12-18 17:15:00,EURJPY-OTC,call,BAIXA,False,29.38,True,NEGADO,EMA_CONTRA_TENDENCIA,178.330965,178.328405,LOSS
2025-12-18 17:16:00,EURJPY-OTC,put,BAIXA,True,29.51,True,APROVADO,OK,178.273195,178.233385,WIN
2025-12-18 17:21:00,EURJPY-OTC,call,BAIXA,False,28.22,True,NEGADO,EMA_CONTRA_TENDENCIA,178.395495,178.392755,LOSS
2025-12-18 17:29:00,EURJPY-OTC,put,BAIXA,True,22.83,True,APROVADO,OK,178.241895,178.290275,LOSS
2025-12-18 17:52:00,EURJPY-OTC,call,BAIXA,False,40.96,True,NEGADO,EMA_CONTRA_TENDENCIA,178.030115,178.039975,WIN
2025-12-18 17:57:00,EURJPY-OTC,put,BAIXA,True,38.57,True,APROVADO,OK,177.984585,178.005315,LOSS
2025-12-18 17:59:00,EURJPY-OTC,call,BAIXA,False,36.66,True,NEGADO,EMA_CONTRA_TENDENCIA,178.001375,178.002955,WIN
2025-12-18 18:06:00,EURJPY-OTC,put,BAIXA,True,24.82,True,APROVADO,OK,177.998595,178.001885,LOSS
2025-12-18 18:17:00,EURJPY-OTC,call,BAIXA,False,14.73,False,NEGADO,EMA_CONTRA_TENDENCIA,178.031025,178.031635,WIN
2025-12-18 18:28:00,EURJPY-OTC,put,BAIXA,True,12.15,False,NEGADO,ADX_FRACO,177.979815,177.980815,LOSS
2025-12-18 18:38:00,EURJPY-OTC,call,BAIXA,False,12.2,False,NEGADO,EMA_CONTRA_TENDENCIA,178.014525,178.014655,WIN
2025-12-18 18:54:00,EURJPY-OTC,put,ALTA,False,24.82,True,NEGADO,EMA_CONTRA_TENDENCIA,178.111855,178.111195,WIN
2025-12-18 19:00:00,EURJPY-OTC,call,ALTA,True,22.03,True,APROVADO,OK,178.202585,178.220055,WIN
2025-12-18 19:03:00,EURJPY-OTC,put,ALTA,False,22.34,True,NEGADO,EMA_CONTRA_TENDENCIA,178.119075,178.116395,WIN
2025-12-18 19:31:00,EURJPY-OTC,call,BAIXA,False,37.38,True,NEGADO,EMA_CONTRA_TENDENCIA,177.768855,177.761685,LOSS
2025-12-18 19:34:00,EURJPY-OTC,put,BAIXA,True,36.61,True,APROVADO,OK,177.669235,177.682895,LOSS
2025-12-18 19:45:00,EURJPY-OTC,call,BAIXA,False,29.37,True,NEGADO,EMA_CONTRA_TENDENCIA,177.703345,177.697825,LOSS
2025-12-18 19:54:00,EURJPY-OTC,put,BAIXA,True,18.81,False,NEGADO,ADX_FRACO,177.714385,177.714215,WIN
2025-12-18 20:10:00,EURJPY-OTC,call,BAIXA,False,20.49,True,NEGADO,EMA_CONTRA_TENDENCIA,177.635035,177.632575,LOSS
2025-12-18 20:18:00,EURJPY-OTC,put,BAIXA,True,15.94,False,NEGADO,ADX_FRACO,177.601835,177.609415,LOSS
2025-12-18 20:31:00,EURJPY-OTC,call,BAIXA,False,14.38,False,NEGADO,EMA_CONTRA_TENDENCIA,177.633575,177.631495,LOSS
2025-12-18 20:38:00,EURJPY-OTC,put,BAIXA,True,13.43,False,NEGADO,ADX_FRACO,177.598825,177.602515,LOSS
2025-12-18 20:42:00,EURJPY-OTC,call,ALTA,True,12.18,False,NEGADO,ADX_FRACO,177.661255,177.655085,LOSS
2025-12-18 20:46:00,EURJPY-OTC,put,BAIXA,True,11.29,False,NEGADO,ADX_FRACO,177.563175,177.563085,WIN
2025-12-18 20:58:00,EURJPY-OTC,call,BAIXA,False,23.15,True,NEGADO,EMA_CONTRA_TENDENCIA,177.516335,177.510385,LOSS
2025-12-18 21:02:00,EURJPY-OTC,put,BAIXA,True,24.35,True,APROVADO,OK,177.448995,177.437095,WIN
2025-12-18 21:21:00,EURJPY-OTC,call,BAIXA,False,29.04,True,NEGADO,EMA_CONTRA_TENDENCIA,177.388185,177.386495,LOSS
2025-12-18 21:26:00,EURJPY-OTC,put,BAIXA,True,25.43,True,APROVADO,OK,177.365265,177.331585,WIN
2025-12-18 21:34:00,EURJPY-OTC,call,BAIXA,False,26.6,True,NEGADO,EMA_CONTRA_TENDENCIA,177.380525,177.381885,WIN
2025-12-18 21:53:00,EURJPY-OTC,put,BAIXA,True,25.06,True,APROVADO,OK,177.437735,177.395325,WIN
2025-12-18 22:07:00,EURJPY-OTC,call,BAIXA,False,33.89,True,NEGADO,EMA_CONTRA_TENDENCIA,177.189695,177.188825,LOSS
2025-12-18 22:08:00,EURJPY-OTC,put,BAIXA,True,34.99,True,APROVADO,OK,177.192855,177.166515,WIN
2025-12-18 22:22:00,EURJPY-OTC,call,BAIXA,False,47.98,True,NEGADO,EMA_CONTRA_TENDENCIA,177.053815,177.051575,LOSS
2025-12-18 22:28:00,EURJPY-OTC,put,BAIXA,True,39.69,True,APROVADO,OK,176.958475,177.019825,LOSS
2025-12-18 22:31:00,EURJPY-OTC,call,BAIXA,False,34.05,True,NEGADO,EMA_CONTRA_TENDENCIA,177.108455,177.111685,WIN
2025-12-18 22:42:00,EURJPY-OTC,put,BAIXA,True,19.4,False,NEGADO,ADX_FRACO,177.007985,177.012285,LOSS
2025-12-18 22:45:00,EURJPY-OTC,call,ALTA,True,19.31,False,NEGADO,ADX_FRACO,177.169695,177.171135,WIN
2025-12-18 23:03:00,EURJPY-OTC,put,ALTA,False,37.03,True,NEGADO,EMA_CONTRA_TENDENCIA,177.397515,177.394445,WIN
2025-12-18 23:13:00,EURJPY-OTC,call,ALTA,True,20.15,True,APROVADO,OK,177.322375,177.308905,LOSS
2025-12-18 23:17:00,EURJPY-OTC,put,BAIXA,True,18.96,False,NEGADO,ADX_FRACO,177.239475,177.238465,WIN
2025-12-18 23:27:00,EURJPY-OTC,call,ALTA,True,17.83,False,NEGADO,ADX_FRACO,177.311945,177.313245,WIN
2025-12-18 23:39:00,EURJPY-OTC,put,ALTA,False,20.03,True,NEGADO,EMA_CONTRA_TENDENCIA,177.393205,177.385035,WIN
2025-12-18 23:48:00,EURJPY-OTC,call,ALTA,True,15.63,False,NEGADO,ADX_FRACO,177.445155,177.445985,WIN
2025-12-19 00:03:00,EURJPY-OTC,put,BAIXA,True,9.87,False,NEGADO,ADX_FRACO,177.341555,177.343025,LOSS
2025-12-19 00:07:00,EURJPY-OTC,call,ALTA,True,9.94,False,NEGADO,ADX_FRACO,177.445615,177.447385,WIN
2025-12-19 00:25:00,EURJPY-OTC,put,ALTA,False,27.5,True,NEGADO,EMA_CONTRA_TENDENCIA,177.576475,177.575415,WIN
2025-12-19 00:28:00,EURJPY-OTC,call,ALTA,True,27.81,True,APROVADO,OK,177.639215,177.673765,WIN
2025-12-19 00:44:00,EURJPY-OTC,put,ALTA,False,47.08,True,NEGADO,EMA_CONTRA_TENDENCIA,177.854955,177.854815,WIN
2025-12-19 00:45:00,EURJPY-OTC,call,ALTA,True,47.22,True,APROVADO,OK,177.878765,177.931505,WIN
2025-12-19 00:59:00,EURJPY-OTC,put,ALTA,False,43.1,True,NEGADO,EMA_CONTRA_TENDENCIA,177.937775,177.939815,LOSS
2025-12-19 01:03:00,EURJPY-OTC,call,ALTA,True,38.37,True,APROVADO,OK,178.015465,178.020565,WIN
2025-12-19 01:18:00,EURJPY-OTC,put,ALTA,False,46.24,True,NEGADO,EMA_CONTRA_TENDENCIA,178.162995,178.160265,WIN
2025-12-19 01:24:00,EURJPY-OTC,call,ALTA,True,39.59,True,APROVADO,OK,178.270685,178.276255,WIN
2025-12-19 01:34:00,EURJPY-OTC,put,ALTA,False,36.52,True,NEGADO,EMA_CONTRA_TENDENCIA,178.193405,178.195585,LOSS
2025-12-19 01:41:00,EURJPY-OTC,call,ALTA,True,26.08,True,APROVADO,OK,178.277625,178.313655,WIN
2025-12-19 01:50:00,EURJPY-OTC,put,BAIXA,True,20.15,True,APROVADO,OK,178.124765,178.113415,WIN
2025-12-19 02:14:00,EURJPY-OTC,call,BAIXA,False,32.15,True,NEGADO,EMA_CONTRA_TENDENCIA,178.043815,178.045215,WIN
2025-12-19 02:19:00,EURJPY-OTC,put,BAIXA,True,29.88,True,APROVADO,OK,177.971955,177.983415,LOSS
2025-12-19 02:23:00,EURJPY-OTC,call,BAIXA,False,28.43,True,NEGADO,EMA_CONTRA_TENDENCIA,178.024585,178.023415,LOSS
2025-12-19 02:28:00,EURJPY-OTC,put,BAIXA,True,28.67,True,APROVADO,OK,177.920975,177.914015,WIN
2025-12-19 02:35:00,EURJPY-OTC,call,BAIXA,False,31.04,True,NEGADO,EMA_CONTRA_TENDENCIA,177.945085,177.944815,LOSS
2025-12-19 02:46:00,EURJPY-OTC,put,BAIXA,True,20.75,True,APROVADO,OK,177.968225,177.960805,WIN
2025-12-19 02:52:00,EURJPY-OTC,call,BAIXA,False,20.55,True,NEGADO,EMA_CONTRA_TENDENCIA,177.999935,177.998235,LOSS
2025-12-19 03:01:00,EURJPY-OTC,put,BAIXA,True,13.15,False,NEGADO,ADX_FRACO,177.944565,177.950335,LOSS
2025-12-19 03:10:00,EURJPY-OTC,call,BAIXA,False,19.61,False,NEGADO,EMA_CONTRA_TENDENCIA,177.932455,177.929785,LOSS
2025-12-19 03:26:00,EURJPY-OTC,put,ALTA,False,23.47,True,NEGADO,EMA_CONTRA_TENDENCIA,178.035415,178.034495,WIN
2025-12-19 03:36:00,EURJPY-OTC,call,BAIXA,False,20.88,True,NEGADO,EMA_CONTRA_TENDENCIA,177.979295,177.979265,LOSS
2025-12-19 03:54:00,EURJPY-OTC,put,ALTA,False,18.87,False,NEGADO,EMA_CONTRA_TENDENCIA,178.057815,178.060795,LOSS
2025-12-19 04:06:00,EURJPY-OTC,call,ALTA,True,25.63,True,APROVADO,OK,182.680515,182.680765,WIN
2025-12-19 04:43:00,EURJPY-OTC,put,ALTA,False,71.85,True,NEGADO,EMA_CONTRA_TENDENCIA,182.901315,182.891925,WIN
2025-12-19 04:50:00,EURJPY-OTC,call,ALTA,True,60.54,True,APROVADO,OK,182.921955,182.921615,LOSS
2025-12-19 05:03:00,EURJPY-OTC,put,ALTA,False,44.67,True,NEGADO,EMA_CONTRA_TENDENCIA,182.949875,182.954185,LOSS
2025-12-19 05:05:00,EURJPY-OTC,call,ALTA,True,41.6,True,APROVADO,OK,183.008775,183.009035,WIN
2025-12-19 05:10:00,EURJPY-OTC,put,ALTA,False,34.13,True,NEGADO,EMA_CONTRA_TENDENCIA,182.963155,182.960995,WIN
2025-12-19 05:20:00,EURJPY-OTC,call,ALTA,True,19.98,False,NEGADO,ADX_FRACO,183.044685,183.049925,WIN
2025-12-19 05:33:00,EURJPY-OTC,put,ALTA,False,28.37,True,NEGADO,EMA_CONTRA_TENDENCIA,183.073635,183.073095,WIN
2025-12-19 05:46:00,EURJPY-OTC,call,ALTA,True,17.31,False,NEGADO,ADX_FRACO,183.124155,183.121255,LOSS
2025-12-19 06:04:00,EURJPY-OTC,put,ALTA,False,28.06,True,NEGADO,EMA_CONTRA_TENDENCIA,183.175325,183.172925,WIN
2025-12-19 06:21:00,EURJPY-OTC,call,BAIXA,False,29.66,True,NEGADO,EMA_CONTRA_TENDENCIA,183.044015,183.044005,LOSS
2025-12-19 06:23:00,EURJPY-OTC,put,BAIXA,True,31.72,True,APROVADO,OK,183.014665,183.019025,LOSS
2025-12-19 06:27:00,EURJPY-OTC,call,ALTA,True,28.95,True,APROVADO,OK,183.087555,183.112085,WIN
2025-12-19 06:49:00,EURJPY-OTC,put,ALTA,False,28.95,True,NEGADO,EMA_CONTRA_TENDENCIA,183.305305,183.310825,LOSS
2025-12-19 07:02:00,EURJPY-OTC,call,ALTA,True,21.68,True,APROVADO,OK,183.332235,183.395595,WIN
2025-12-19 07:15:00,EURJPY-OTC,put,ALTA,False,26.27,True,NEGADO,EMA_CONTRA_TENDENCIA,183.355585,183.361005,LOSS
2025-12-19 07:27:00,EURJPY-OTC,call,ALTA,True,15.98,False,NEGADO,ADX_FRACO,183.372235,183.371655,LOSS
2025-12-19 07:40:00,EURJPY-OTC,put,ALTA,False,18.67,False,NEGADO,EMA_CONTRA_TENDENCIA,183.373135,183.370035,WIN
2025-12-19 07:51:00,EURJPY-OTC,call,BAIXA,False,25.43,True,NEGADO,EMA_CONTRA_TENDENCIA,183.332195,183.335635,WIN
2025-12-19 08:12:00,EURJPY-OTC,put,ALTA,False,31.7,True,NEGADO,EMA_CONTRA_TENDENCIA,183.558345,183.559395,LOSS
2025-12-19 08:22:00,EURJPY-OTC,call,ALTA,True,20.03,True,APROVADO,OK,183.570415,183.564995,LOSS
2025-12-19 08:34:00,EURJPY-OTC,put,ALTA,False,29.41,True,NEGADO,EMA_CONTRA_TENDENCIA,183.628105,183.635595,LOSS
2025-12-19 08:53:00,EURJPY-OTC,call,ALTA,True,23.76,True,APROVADO,OK,183.545955,183.534275,LOSS
2025-12-19 08:59:00,EURJPY-OTC,put,BAIXA,True,21.47,True,APROVADO,OK,183.460125,183.440425,WIN
2025-12-19 09:11:00,EURJPY-OTC,call,BAIXA,False,31.39,True,NEGADO,EMA_CONTRA_TENDENCIA,183.406765,183.408235,WIN
2025-12-19 09:24:00,EURJPY-OTC,put,BAIXA,True,17.3,False,NEGADO,ADX_FRACO,183.468605,183.466245,WIN
2025-12-19 09:26:00,EURJPY-OTC,call,BAIXA,False,16.22,False,NEGADO,EMA_CONTRA_TENDENCIA,183.472045,183.470445,LOSS
2025-12-19 09:35:00,EURJPY-OTC,put,BAIXA,True,20.02,True,APROVADO,OK,183.489695,183.500495,LOSS
2025-12-19 09:54:00,EURJPY-OTC,call,BAIXA,False,14.2,False,NEGADO,EMA_CONTRA_TENDENCIA,183.444915,183.445345,WIN
2025-12-19 09:59:00,EURJPY-OTC,put,BAIXA,True,16.71,False,NEGADO,ADX_FRACO,183.317805,183.318505,LOSS
2025-12-19 10:12:00,EURJPY-OTC,call,BAIXA,False,27.01,True,NEGADO,EMA_CONTRA_TENDENCIA,183.334295,183.340255,WIN
2025-12-19 10:17:00,EURJPY-OTC,put,BAIXA,True,21.72,True,APROVADO,OK,183.231075,183.243385,LOSS
2025-12-19 10:40:00,EURJPY-OTC,call,BAIXA,False,35.29,True,NEGADO,EMA_CONTRA_TENDENCIA,183.094335,183.092905,LOSS
2025-12-19 10:52:00,EURJPY-OTC,put,BAIXA,True,19.05,False,NEGADO,ADX_FRACO,183.015855,183.022375,LOSS
2025-12-19 11:07:00,EURJPY-OTC,call,BAIXA,False,20.49,True,NEGADO,EMA_CONTRA_TENDENCIA,182.971935,182.972945,WIN
2025-12-19 11:09:00,EURJPY-OTC,put,BAIXA,True,18.58,False,NEGADO,ADX_FRACO,183.008895,183.007195,WIN
2025-12-19 11:10:00,EURJPY-OTC,call,BAIXA,False,18.05,False,NEGADO,EMA_CONTRA_TENDENCIA,182.966515,182.967805,WIN
2025-12-19 11:24:00,EURJPY-OTC,put,BAIXA,True,17.66,False,NEGADO,ADX_FRACO,183.014535,183.023305,LOSS
2025-12-19 11:57:00,EURJPY-OTC,call,BAIXA,False,51.26,True,NEGADO,EMA_CONTRA_TENDENCIA,182.578735,182.579465,WIN
2025-12-19 12:13:00,EURJPY-OTC,put,BAIXA,True,24.97,True,APROVADO,OK,182.788955,182.790975,LOSS
2025-12-19 12:15:00,EURJPY-OTC,call,ALTA,True,22.9,True,APROVADO,OK,182.825615,182.807985,LOSS
2025-12-19 12:18:00,EURJPY-OTC,put,BAIXA,True,20.01,True,APROVADO,OK,182.783645,182.706775,WIN
2025-12-19 12:29:00,EURJPY-OTC,call,BAIXA,False,33.46,True,NEGADO,EMA_CONTRA_TENDENCIA,182.489855,182.491585,WIN
2025-12-19 12:52:00,EURJPY-OTC,put,ALTA,False,21.31,True,NEGADO,EMA_CONTRA_TENDENCIA,182.612595,182.612715,LOSS
2025-12-19 13:07:00,EURJPY-OTC,call,BAIXA,False,23.66,True,NEGADO,EMA_CONTRA_TENDENCIA,182.514085,182.511525,LOSS
2025-12-19 13:16:00,EURJPY-OTC,put,BAIXA,True,16.9,False,NEGADO,ADX_FRACO,182.438825,182.435445,WIN
2025-12-19 13:26:00,EURJPY-OTC,call,BAIXA,False,15.7,False,NEGADO,EMA_CONTRA_TENDENCIA,182.487325,182.486935,LOSS
2025-12-19 13:45:00,EURJPY-OTC,put,ALTA,False,41.62,True,NEGADO,EMA_CONTRA_TENDENCIA,182.723355,182.722645,WIN
2025-12-19 13:59:00,EURJPY-OTC,call,ALTA,True,25.12,True,APROVADO,OK,182.726485,182.742125,WIN
2025-12-19 14:15:00,EURJPY-OTC,put,ALTA,False,19.12,False,NEGADO,EMA_CONTRA_TENDENCIA,182.733595,182.735245,LOSS
2025-12-19 14:21:00,EURJPY-OTC,call,ALTA,True,14.51,False,NEGADO,ADX_FRACO,182.804365,182.799485,LOSS
2025-12-19 14:34:00,EURJPY-OTC,put,ALTA,False,29.87,True,NEGADO,EMA_CONTRA_TENDENCIA,182.908255,182.908995,LOSS
2025-12-19 14:40:00,EURJPY-OTC,call,ALTA,True,24.94,True,APROVADO,OK,183.011535,182.995915,LOSS
2025-12-19 15:02:00,EURJPY-OTC,put,ALTA,False,25.86,True,NEGADO,EMA_CONTRA_TENDENCIA,183.009555,183.008525,WIN
2025-12-19 15:06:00,EURJPY-OTC,call,ALTA,True,21.21,True,APROVADO,OK,183.092755,183.058975,LOSS
2025-12-19 15:17:00,EURJPY-OTC,put,ALTA,False,17.62,False,NEGADO,EMA_CONTRA_TENDENCIA,183.058325,183.063535,LOSS
2025-12-19 15:23:00,EURJPY-OTC,call,ALTA,True,15.96,False,NEGADO,ADX_FRACO,183.129635,183.128685,LOSS
2025-12-19 15:35:00,EURJPY-OTC,put,ALTA,False,21.63,True,NEGADO,EMA_CONTRA_TENDENCIA,183.192795,183.188975,WIN
2025-12-19 16:01:00,EURJPY-OTC,call,BAIXA,False,38.94,True,NEGADO,EMA_CONTRA_TENDENCIA,182.886985,182.881515,LOSS
2025-12-19 16:13:00,EURJPY-OTC,put,BAIXA,True,27.45,True,APROVADO,OK,183.005405,183.004005,WIN
2025-12-19 16:30:00,EURJPY-OTC,call,BAIXA,False,27.12,True,NEGADO,EMA_CONTRA_TENDENCIA,182.863955,182.865065,WIN
2025-12-19 16:38:00,EURJPY-OTC,put,BAIXA,True,22.71,True,APROVADO,OK,182.833355,182.854865,LOSS
2025-12-19 16:51:00,EURJPY-OTC,call,BAIXA,False,21.69,True,NEGADO,EMA_CONTRA_TENDENCIA,182.751405,182.751295,LOSS
2025-12-19 16:52:00,EURJPY-OTC,put,BAIXA,True,22.55,True,APROVADO,OK,182.735705,182.726585,WIN
2025-12-19 17:05:00,EURJPY-OTC,call,BAIXA,False,26.23,True,NEGADO,EMA_CONTRA_TENDENCIA,182.685125,182.679675,LOSS
2025-12-19 17:17:00,EURJPY-OTC,put,BAIXA,True,23.4,True,APROVADO,OK,182.802395,182.817145,LOSS
2025-12-19 17:31:00,EURJPY-OTC,call,BAIXA,False,15.41,False,NEGADO,EMA_CONTRA_TENDENCIA,182.781925,182.778755,LOSS
2025-12-19 17:48:00,EURJPY-OTC,put,ALTA,False,20.81,True,NEGADO,EMA_CONTRA_TENDENCIA,182.980645,182.979675,WIN
2025-12-19 17:49:00,EURJPY-OTC,call,ALTA,True,21.66,True,APROVADO,OK,183.018115,183.061715,WIN
2025-12-19 18:05:00,EURJPY-OTC,put,ALTA,False,29.53,True,NEGADO,EMA_CONTRA_TENDENCIA,183.113675,183.117185,LOSS
2025-12-19 18:15:00,EURJPY-OTC,call,ALTA,True,18.68,False,NEGADO,ADX_FRACO,183.188625,183.185945,LOSS
2025-12-19 18:21:00,EURJPY-OTC,put,ALTA,False,21.18,True,NEGADO,EMA_CONTRA_TENDENCIA,183.116815,183.113995,WIN
2025-12-19 18:31:00,EURJPY-OTC,call,ALTA,True,15.09,False,NEGADO,ADX_FRACO,183.065765,183.069295,WIN
2025-12-19 18:32:00,EURJPY-OTC,put,BAIXA,True,15.36,False,NEGADO,ADX_FRACO,183.014215,183.010135,WIN
2025-12-19 18:55:00,EURJPY-OTC,call,BAIXA,False,22.98,True,NEGADO,EMA_CONTRA_TENDENCIA,182.865765,182.867285,WIN
2025-12-19 19:10:00,EURJPY-OTC,put,ALTA,False,33.29,True,NEGADO,EMA_CONTRA_TENDENCIA,183.095865,183.095365,WIN
2025-12-19 19:19:00,EURJPY-OTC,call,ALTA,True,23.3,True,APROVADO,OK,183.086295,183.114165,WIN
2025-12-19 19:27:00,EURJPY-OTC,put,BAIXA,True,25.31,True,APROVADO,OK,183.026165,183.021245,WIN
2025-12-19 19:35:00,EURJPY-OTC,call,ALTA,True,18.43,False,NEGADO,ADX_FRACO,183.111945,183.111725,LOSS
2025-12-19 19:55:00,EURJPY-OTC,put,ALTA,False,27.89,True,NEGADO,EMA_CONTRA_TENDENCIA,183.265265,183.259465,WIN
2025-12-19 20:02:00,EURJPY-OTC,call,ALTA,True,22.21,True,APROVADO,OK,183.296095,183.303005,WIN
2025-12-19 20:12:00,EURJPY-OTC,put,ALTA,False,21.78,True,NEGADO,EMA_CONTRA_TENDENCIA,183.239285,183.238755,WIN
2025-12-19 20:21:00,EURJPY-OTC,call,ALTA,True,17.11,False,NEGADO,ADX_FRACO,183.361075,183.357865,LOSS
2025-12-19 20:33:00,EURJPY-OTC,put,ALTA,False,32.64,True,NEGADO,EMA_CONTRA_TENDENCIA,183.442345,183.437485,WIN
2025-12-19 20:37:00,EURJPY-OTC,call,ALTA,True,30.54,True,APROVADO,OK,183.561885,183.580785,WIN
2025-12-19 20:46:00,EURJPY-OTC,put,ALTA,False,24.45,True,NEGADO,EMA_CONTRA_TENDENCIA,183.490995,183.486485,WIN
2025-12-19 20:52:00,EURJPY-OTC,call,ALTA,True,19.5,False,NEGADO,ADX_FRACO,183.586575,183.589725,WIN
2025-12-19 21:11:00,EURJPY-OTC,put,ALTA,False,33.61,True,NEGADO,EMA_CONTRA_TENDENCIA,183.736035,183.728975,WIN
2025-12-19 21:22:00,EURJPY-OTC,call,ALTA,True,20.3,True,APROVADO,OK,183.688895,183.682875,LOSS
2025-12-19 21:24:00,EURJPY-OTC,put,ALTA,False,18.55,False,NEGADO,EMA_CONTRA_TENDENCIA,183.660675,183.658955,WIN
2025-12-19 21:37:00,EURJPY-OTC,call,ALTA,True,21.45,True,APROVADO,OK,183.633975,183.665155,WIN
2025-12-19 21:50:00,EURJPY-OTC,put,ALTA,False,18.5,False,NEGADO,EMA_CONTRA_TENDENCIA,183.709285,183.711345,LOSS
2025-12-19 22:00:00,EURJPY-OTC,call,ALTA,True,15.4,False,NEGADO,ADX_FRACO,183.816605,183.818855,WIN
2025-12-19 22:12:00,EURJPY-OTC,put,ALTA,False,23.43,True,NEGADO,EMA_CONTRA_TENDENCIA,183.805415,183.803535,WIN
2025-12-19 22:20:00,EURJPY-OTC,call,ALTA,True,19.98,False,NEGADO,ADX_FRACO,183.858015,183.860495,WIN
2025-12-19 22:27:00,EURJPY-OTC,put,ALTA,False,18.88,False,NEGADO,EMA_CONTRA_TENDENCIA,183.804585,183.799905,WIN
2025-12-19 22:34:00,EURJPY-OTC,call,ALTA,True,16.62,False,NEGADO,ADX_FRACO,183.932595,183.928585,LOSS
2025-12-19 22:45:00,EURJPY-OTC,put,ALTA,False,21.4,True,NEGADO,EMA_CONTRA_TENDENCIA,183.921825,183.925225,LOSS
2025-12-19 22:56:00,EURJPY-OTC,call,ALTA,True,17.23,False,NEGADO,ADX_FRACO,183.873145,183.877025,WIN
2025-12-19 22:58:00,EURJPY-OTC,put,BAIXA,True,17.4,False,NEGADO,ADX_FRACO,183.821405,183.824425,LOSS
2025-12-19 23:09:00,EURJPY-OTC,call,BAIXA,False,26.15,True,NEGADO,EMA_CONTRA_TENDENCIA,183.797225,183.807205,WIN
2025-12-19 23:16:00,EURJPY-OTC,put,BAIXA,True,24.21,True,APROVADO,OK,183.740455,183.781545,LOSS
2025-12-19 23:24:00,EURJPY-OTC,call,BAIXA,False,19.01,False,NEGADO,EMA_CONTRA_TENDENCIA,183.779095,183.771945,LOSS
2025-12-19 23:27:00,EURJPY-OTC,put,BAIXA,True,16.62,False,NEGADO,ADX_FRACO,183.728525,183.731555,LOSS
2025-12-19 23:35:00,EURJPY-OTC,call,BAIXA,False,16.27,False,NEGADO,EMA_CONTRA_TENDENCIA,183.759405,183.758275,LOSS
2025-12-19 23:39:00,EURJPY-OTC,put,BAIXA,True,15.78,False,NEGADO,ADX_FRACO,183.633795,183.634095,LOSS
2025-12-19 23:46:00,EURJPY-OTC,call,BAIXA,False,14.13,False,NEGADO,EMA_CONTRA_TENDENCIA,183.657795,183.654955,LOSS
2025-12-19 23:51:00,EURJPY-OTC,put,BAIXA,True,12.32,False,NEGADO,ADX_FRACO,183.639475,183.643065,LOSS
2025-12-20 00:07:00,EURJPY-OTC,call,BAIXA,False,10.37,False,NEGADO,EMA_CONTRA_TENDENCIA,183.572845,183.572125,LOSS
2025-12-20 00:08:00,EURJPY-OTC,put,BAIXA,True,11.03,False,NEGADO,ADX_FRACO,183.507875,183.511145,LOSS
2025-12-20 00:11:00,EURJPY-OTC,call,BAIXA,False,12.37,False,NEGADO,EMA_CONTRA_TENDENCIA,183.630545,183.630025,LOSS
2025-12-20 00:22:00,EURJPY-OTC,put,BAIXA,True,19.11,False,NEGADO,ADX_FRACO,183.557325,183.558555,LOSS
2025-12-20 00:29:00,EURJPY-OTC,call,BAIXA,False,19.82,False,NEGADO,EMA_CONTRA_TENDENCIA,183.619785,183.618955,LOSS
2025-12-20 00:37:00,EURJPY-OTC,put,BAIXA,True,15.98,False,NEGADO,ADX_FRACO,183.469675,183.471225,LOSS
2025-12-20 01:03:00,EURJPY-OTC,call,BAIXA,False,36.77,True,NEGADO,EMA_CONTRA_TENDENCIA,183.387805,183.389475,WIN
2025-12-20 01:05:00,EURJPY-OTC,put,BAIXA,True,38.36,True,APROVADO,OK,183.340575,183.362135,LOSS
2025-12-20 01:07:00,EURJPY-OTC,call,BAIXA,False,36.89,True,NEGADO,EMA_CONTRA_TENDENCIA,183.420295,183.418515,LOSS
2025-12-20 01:11:00,EURJPY-OTC,put,BAIXA,True,33.83,True,APROVADO,OK,183.316695,183.302525,WIN
2025-12-20 01:21:00,EURJPY-OTC,call,BAIXA,False,30.53,True,NEGADO,EMA_CONTRA_TENDENCIA,183.325815,183.324505,LOSS
2025-12-20 01:24:00,EURJPY-OTC,put,BAIXA,True,27.61,True,APROVADO,OK,183.271615,183.283995,LOSS
2025-12-20 01:26:00,EURJPY-OTC,call,BAIXA,False,25.3,True,NEGADO,EMA_CONTRA_TENDENCIA,183.339505,183.335855,LOSS
2025-12-20 01:41:00,EURJPY-OTC,put,ALTA,False,27.39,True,NEGADO,EMA_CONTRA_TENDENCIA,183.454905,183.447155,WIN
2025-12-20 01:48:00,EURJPY-OTC,call,ALTA,True,21.6,True,APROVADO,OK,183.461875,183.507065,WIN
2025-12-20 01:54:00,EURJPY-OTC,put,BAIXA,True,21.3,True,APROVADO,OK,183.408745,183.396055,WIN
2025-12-20 02:11:00,EURJPY-OTC,call,BAIXA,False,26.28,True,NEGADO,EMA_CONTRA_TENDENCIA,183.331765,183.331875,WIN
2025-12-20 02:16:00,EURJPY-OTC,put,BAIXA,True,23.82,True,APROVADO,OK,183.251815,183.342895,LOSS
2025-12-20 02:17:00,EURJPY-OTC,call,BAIXA,False,22.24,True,NEGADO,EMA_CONTRA_TENDENCIA,183.342705,183.343395,WIN
2025-12-20 02:25:00,EURJPY-OTC,put,BAIXA,True,15.35,False,NEGADO,ADX_FRACO,183.252605,183.251915,WIN
2025-12-20 02:27:00,EURJPY-OTC,call,ALTA,True,15.31,False,NEGADO,ADX_FRACO,183.374535,183.373285,LOSS
2025-12-20 02:41:00,EURJPY-OTC,put,ALTA,False,13.74,False,NEGADO,EMA_CONTRA_TENDENCIA,183.366475,183.367515,LOSS
2025-12-20 02:45:00,EURJPY-OTC,call,ALTA,True,11.95,False,NEGADO,ADX_FRACO,183.437855,183.438465,WIN
2025-12-20 03:04:00,EURJPY-OTC,put,BAIXA,True,11.24,False,NEGADO,ADX_FRACO,183.344675,183.346875,LOSS
2025-12-20 03:15:00,EURJPY-OTC,call,ALTA,True,11.58,False,NEGADO,ADX_FRACO,183.492535,183.489325,LOSS
2025-12-20 03:27:00,EURJPY-OTC,put,BAIXA,True,12.06,False,NEGADO,ADX_FRACO,183.426715,183.428595,LOSS
2025-12-20 03:43:00,EURJPY-OTC,call,BAIXA,False,35.84,True,NEGADO,EMA_CONTRA_TENDENCIA,183.165865,183.158945,LOSS
2025-12-20 03:53:00,EURJPY-OTC,put,BAIXA,True,25.88,True,APROVADO,OK,183.133995,183.184225,LOSS
2025-12-20 04:17:00,EURJPY-OTC,call,BAIXA,False,42.75,True,NEGADO,EMA_CONTRA_TENDENCIA,182.882115,182.886795,WIN
2025-12-20 04:24:00,EURJPY-OTC,put,BAIXA,True,36.25,True,APROVADO,OK,182.857475,182.845005,WIN
2025-12-20 04:28:00,EURJPY-OTC,call,BAIXA,False,30.81,True,NEGADO,EMA_CONTRA_TENDENCIA,182.961195,182.969305,WIN
2025-12-20 04:33:00,EURJPY-OTC,put,BAIXA,True,26.54,True,APROVADO,OK,182.891985,182.899845,LOSS
2025-12-20 04:43:00,EURJPY-OTC,call,BAIXA,False,30.82,True,NEGADO,EMA_CONTRA_TENDENCIA,182.873755,182.872545,LOSS
2025-12-20 04:51:00,EURJPY-OTC,put,BAIXA,True,26.18,True,APROVADO,OK,182.771295,182.787815,LOSS
2025-12-20 05:03:00,EURJPY-OTC,call,BAIXA,False,22.75,True,NEGADO,EMA_CONTRA_TENDENCIA,182.866355,182.873945,WIN
2025-12-20 05:13:00,EURJPY-OTC,put,BAIXA,True,15.61,False,NEGADO,ADX_FRACO,182.851055,182.850685,WIN
2025-12-20 05:27:00,EURJPY-OTC,call,BAIXA,False,16.46,False,NEGADO,EMA_CONTRA_TENDENCIA,182.760055,182.758625,LOSS
2025-12-20 05:39:00,EURJPY-OTC,put,BAIXA,True,13.11,False,NEGADO,ADX_FRACO,182.799405,182.798865,WIN
2025-12-20 06:10:00,EURJPY-OTC,call,BAIXA,False,44.83,True,NEGADO,EMA_CONTRA_TENDENCIA,182.462465,182.462365,LOSS
2025-12-20 06:12:00,EURJPY-OTC,put,BAIXA,True,44.18,True,APROVADO,OK,182.389375,182.436255,LOSS
2025-12-20 06:21:00,EURJPY-OTC,call,BAIXA,False,38.62,True,NEGADO,EMA_CONTRA_TENDENCIA,182.469915,182.471005,WIN
2025-12-20 06:27:00,EURJPY-OTC,put,BAIXA,True,28.94,True,APROVADO,OK,182.453675,182.443345,WIN
2025-12-20 06:36:00,EURJPY-OTC,call,BAIXA,False,18.91,False,NEGADO,EMA_CONTRA_TENDENCIA,182.520995,182.531575,WIN
2025-12-20 06:43:00,EURJPY-OTC,put,BAIXA,True,19.17,False,NEGADO,ADX_FRACO,182.485595,182.492565,LOSS
2025-12-20 07:13:00,EURJPY-OTC,call,BAIXA,False,28.27,True,NEGADO,EMA_CONTRA_TENDENCIA,182.285855,182.281865,LOSS
2025-12-20 07:21:00,EURJPY-OTC,put,BAIXA,True,24.26,True,APROVADO,OK,182.268235,182.249065,WIN
2025-12-20 07:24:00,EURJPY-OTC,call,BAIXA,False,21.33,True,NEGADO,EMA_CONTRA_TENDENCIA,182.234905,182.239445,WIN
2025-12-20 07:34:00,EURJPY-OTC,put,BAIXA,True,14.08,False,NEGADO,ADX_FRACO,182.287815,182.288535,LOSS
2025-12-20 07:37:00,EURJPY-OTC,call,BAIXA,False,11.91,False,NEGADO,EMA_CONTRA_TENDENCIA,182.327685,182.326895,LOSS
2025-12-20 07:42:00,EURJPY-OTC,put,BAIXA,True,12.35,False,NEGADO,ADX_FRACO,182.261675,182.259295,WIN
2025-12-20 07:58:00,EURJPY-OTC,call,BAIXA,False,30.41,True,NEGADO,EMA_CONTRA_TENDENCIA,182.152375,182.150865,LOSS
2025-12-20 08:10:00,EURJPY-OTC,put,ALTA,False,23.93,True,NEGADO,EMA_CONTRA_TENDENCIA,182.296525,182.295185,WIN
2025-12-20 08:23:00,EURJPY-OTC,call,ALTA,True,14.61,False,NEGADO,ADX_FRACO,182.291405,182.291315,LOSS
2025-12-20 08:36:00,EURJPY-OTC,put,BAIXA,True,19.95,False,NEGADO,ADX_FRACO,182.262605,182.266285,LOSS
2025-12-20 08:41:00,EURJPY-OTC,call,ALTA,True,19.19,False,NEGADO,ADX_FRACO,182.316345,182.310785,LOSS
2025-12-20 08:50:00,EURJPY-OTC,put,BAIXA,True,17.45,False,NEGADO,ADX_FRACO,182.276225,182.277455,LOSS
2025-12-20 08:58:00,EURJPY-OTC,call,BAIXA,False,18.64,False,NEGADO,EMA_CONTRA_TENDENCIA,182.229655,182.227915,LOSS
2025-12-20 09:19:00,EURJPY-OTC,put,ALTA,False,18.89,False,NEGADO,EMA_CONTRA_TENDENCIA,182.429005,182.425595,WIN
2025-12-20 09:27:00,EURJPY-OTC,call,ALTA,True,14.29,False,NEGADO,ADX_FRACO,182.400045,182.400615,WIN
2025-12-20 09:40:00,EURJPY-OTC,put,ALTA,False,21.0,True,NEGADO,EMA_CONTRA_TENDENCIA,182.504135,182.503555,WIN
2025-12-20 09:53:00,EURJPY-OTC,call,ALTA,True,13.42,False,NEGADO,ADX_FRACO,182.477265,182.475135,LOSS
2025-12-20 09:56:00,EURJPY-OTC,put,BAIXA,True,11.9,False,NEGADO,ADX_FRACO,182.391015,182.385975,WIN
2025-12-20 10:08:00,EURJPY-OTC,call,ALTA,True,15.65,False,NEGADO,ADX_FRACO,182.397295,182.394845,LOSS
2025-12-20 10:11:00,EURJPY-OTC,put,BAIXA,True,14.52,False,NEGADO,ADX_FRACO,182.301545,182.302655,LOSS
2025-12-20 10:27:00,EURJPY-OTC,call,BAIXA,False,18.95,False,NEGADO,EMA_CONTRA_TENDENCIA,182.268355,182.273125,WIN
2025-12-20 10:42:00,EURJPY-OTC,put,ALTA,False,25.07,True,NEGADO,EMA_CONTRA_TENDENCIA,182.412145,182.410315,WIN
2025-12-20 11:04:00,EURJPY-OTC,call,BAIXA,False,31.01,True,NEGADO,EMA_CONTRA_TENDENCIA,182.112575,182.112745,WIN
2025-12-20 11:10:00,EURJPY-OTC,put,BAIXA,True,29.87,True,APROVADO,OK,182.140455,182.160395,LOSS
2025-12-20 11:11:00,EURJPY-OTC,call,BAIXA,False,29.08,True,NEGADO,EMA_CONTRA_TENDENCIA,182.163065,182.168865,WIN
2025-12-20 11:19:00,EURJPY-OTC,put,BAIXA,True,25.26,True,APROVADO,OK,182.112745,182.151635,LOSS
2025-12-20 11:35:00,EURJPY-OTC,call,BAIXA,False,29.65,True,NEGADO,EMA_CONTRA_TENDENCIA,182.071805,182.066845,LOSS
2025-12-20 11:46:00,EURJPY-OTC,put,BAIXA,True,17.5,False,NEGADO,ADX_FRACO,182.026285,182.025105,WIN
2025-12-20 11:59:00,EURJPY-OTC,call,BAIXA,False,19.86,False,NEGADO,EMA_CONTRA_TENDENCIA,182.040665,182.038945,LOSS
2025-12-20 12:08:00,EURJPY-OTC,put,BAIXA,True,15.47,False,NEGADO,ADX_FRACO,181.960075,181.959515,WIN
2025-12-20 12:18:00,EURJPY-OTC,call,ALTA,True,15.25,False,NEGADO,ADX_FRACO,182.095515,182.094275,LOSS
2025-12-20 12:36:00,EURJPY-OTC,put,ALTA,False,27.27,True,NEGADO,EMA_CONTRA_TENDENCIA,182.254945,182.255695,LOSS
2025-12-20 12:42:00,EURJPY-OTC,call,ALTA,True,22.87,True,APROVADO,OK,182.288355,182.325515,WIN
2025-12-20 12:50:00,EURJPY-OTC,put,ALTA,False,23.95,True,NEGADO,EMA_CONTRA_TENDENCIA,182.209195,182.212155,LOSS
2025-12-20 13:03:00,EURJPY-OTC,call,ALTA,True,14.12,False,NEGADO,ADX_FRACO,182.326905,182.327595,WIN
2025-12-20 13:19:00,EURJPY-OTC,put,ALTA,False,12.13,False,NEGADO,EMA_CONTRA_TENDENCIA,182.277865,182.277835,WIN
2025-12-20 13:25:00,EURJPY-OTC,call,ALTA,True,10.24,False,NEGADO,ADX_FRACO,182.399615,182.398745,LOSS
2025-12-20 13:27:00,EURJPY-OTC,put,ALTA,False,10.88,False,NEGADO,EMA_CONTRA_TENDENCIA,182.305345,182.302855,WIN
2025-12-20 13:36:00,EURJPY-OTC,call,ALTA,True,13.19,False,NEGADO,ADX_FRACO,182.301015,182.298275,LOSS
2025-12-20 13:47:00,EURJPY-OTC,put,BAIXA,True,15.9,False,NEGADO,ADX_FRACO,182.286405,182.279505,WIN
2025-12-20 14:01:00,EURJPY-OTC,call,ALTA,True,11.11,False,NEGADO,ADX_FRACO,182.294985,182.303315,WIN
2025-12-20 14:39:00,EURJPY-OTC,put,ALTA,False,48.41,True,NEGADO,EMA_CONTRA_TENDENCIA,182.770825,182.765425,WIN
2025-12-20 14:53:00,EURJPY-OTC,call,ALTA,True,28.7,True,APROVADO,OK,182.583125,182.577575,LOSS
2025-12-20 15:11:00,EURJPY-OTC,put,ALTA,False,27.32,True,NEGADO,EMA_CONTRA_TENDENCIA,182.699275,182.701455,LOSS
2025-12-20 15:29:00,EURJPY-OTC,call,BAIXA,False,35.73,True,NEGADO,EMA_CONTRA_TENDENCIA,182.342335,182.344475,WIN
2025-12-20 15:35:00,EURJPY-OTC,put,BAIXA,True,36.43,True,APROVADO,OK,182.298255,182.345555,LOSS
2025-12-20 15:42:00,EURJPY-OTC,call,BAIXA,False,28.83,True,NEGADO,EMA_CONTRA_TENDENCIA,182.369615,182.368335,LOSS
2025-12-20 15:51:00,EURJPY-OTC,put,BAIXA,True,18.68,False,NEGADO,ADX_FRACO,182.308565,182.309015,LOSS
2025-12-20 16:02:00,EURJPY-OTC,call,BAIXA,False,25.03,True,NEGADO,EMA_CONTRA_TENDENCIA,182.198865,182.200265,WIN
2025-12-20 16:18:00,EURJPY-OTC,put,BAIXA,True,15.83,False,NEGADO,ADX_FRACO,182.170535,182.170935,LOSS
2025-12-20 16:23:00,EURJPY-OTC,call,BAIXA,False,15.0,False,NEGADO,EMA_CONTRA_TENDENCIA,182.246485,182.255985,WIN
2025-12-20 16:31:00,EURJPY-OTC,put,BAIXA,True,19.15,False,NEGADO,ADX_FRACO,182.139385,182.136885,WIN
2025-12-20 16:42:00,EURJPY-OTC,call,BAIXA,False,20.56,True,NEGADO,EMA_CONTRA_TENDENCIA,182.153325,182.152145,LOSS
2025-12-20 16:51:00,EURJPY-OTC,put,BAIXA,True,15.77,False,NEGADO,ADX_FRACO,182.068115,182.066605,WIN
2025-12-20 16:58:00,EURJPY-OTC,call,BAIXA,False,17.39,False,NEGADO,EMA_CONTRA_TENDENCIA,182.087105,182.083005,LOSS
2025-12-20 17:00:00,EURJPY-OTC,put,BAIXA,True,17.3,False,NEGADO,ADX_FRACO,181.995715,181.996935,LOSS
2025-12-20 17:29:00,EURJPY-OTC,call,BAIXA,False,33.77,True,NEGADO,EMA_CONTRA_TENDENCIA,181.780245,181.779905,LOSS
2025-12-20 17:32:00,EURJPY-OTC,put,BAIXA,True,30.61,True,APROVADO,OK,181.675855,181.694785,LOSS
2025-12-20 17:39:00,EURJPY-OTC,call,BAIXA,False,26.35,True,NEGADO,EMA_CONTRA_TENDENCIA,181.747995,181.750425,WIN
2025-12-20 17:47:00,EURJPY-OTC,put,BAIXA,True,20.56,True,APROVADO,OK,181.617205,181.591935,WIN
2025-12-20 18:00:00,EURJPY-OTC,call,BAIXA,False,28.11,True,NEGADO,EMA_CONTRA_TENDENCIA,181.589375,181.590555,WIN
2025-12-20 18:03:00,EURJPY-OTC,put,BAIXA,True,25.26,True,APROVADO,OK,181.468075,181.505805,LOSS
2025-12-20 18:23:00,EURJPY-OTC,call,BAIXA,False,39.85,True,NEGADO,EMA_CONTRA_TENDENCIA,181.218255,181.215155,LOSS
2025-12-20 18:35:00,EURJPY-OTC,put,BAIXA,True,27.62,True,APROVADO,OK,181.232555,181.248955,LOSS
2025-12-20 18:43:00,EURJPY-OTC,call,BAIXA,False,22.91,True,NEGADO,EMA_CONTRA_TENDENCIA,181.208915,181.209445,WIN
2025-12-20 18:53:00,EURJPY-OTC,put,BAIXA,True,21.89,True,APROVADO,OK,181.289755,181.330915,LOSS
2025-12-20 18:55:00,EURJPY-OTC,call,ALTA,True,20.95,True,APROVADO,OK,181.327125,181.364095,WIN
2025-12-20 19:00:00,EURJPY-OTC,put,BAIXA,True,18.32,False,NEGADO,ADX_FRACO,181.286225,181.285575,WIN
2025-12-20 19:07:00,EURJPY-OTC,call,ALTA,True,13.27,False,NEGADO,ADX_FRACO,181.330605,181.331065,WIN
2025-12-20 19:19:00,EURJPY-OTC,put,ALTA,False,30.1,True,NEGADO,EMA_CONTRA_TENDENCIA,181.556625,181.560705,LOSS
2025-12-20 19:23:00,EURJPY-OTC,call,ALTA,True,30.54,True,APROVADO,OK,181.588785,181.508815,LOSS
2025-12-20 19:24:00,EURJPY-OTC,put,ALTA,False,29.18,True,NEGADO,EMA_CONTRA_TENDENCIA,181.518315,181.516345,WIN
2025-12-20 19:36:00,EURJPY-OTC,call,ALTA,True,17.0,False,NEGADO,ADX_FRACO,181.553855,181.550015,LOSS
2025-12-20 19:43:00,EURJPY-OTC,put,ALTA,False,14.3,False,NEGADO,EMA_CONTRA_TENDENCIA,181.474335,181.473175,WIN
2025-12-20 20:03:00,EURJPY-OTC,call,BAIXA,False,19.24,False,NEGADO,EMA_CONTRA_TENDENCIA,181.340105,181.337705,LOSS
2025-12-20 20:20:00,EURJPY-OTC,put,ALTA,False,27.06,True,NEGADO,EMA_CONTRA_TENDENCIA,181.566655,181.565705,WIN
2025-12-20 20:23:00,EURJPY-OTC,call,ALTA,True,29.3,True,APROVADO,OK,181.578455,181.644325,WIN
2025-12-20 20:32:00,EURJPY-OTC,put,ALTA,False,42.46,True,NEGADO,EMA_CONTRA_TENDENCIA,181.665895,181.662435,WIN
2025-12-20 20:36:00,EURJPY-OTC,call,ALTA,True,42.65,True,APROVADO,OK,181.723945,181.700715,LOSS
2025-12-20 20:44:00,EURJPY-OTC,put,ALTA,False,37.88,True,NEGADO,EMA_CONTRA_TENDENCIA,181.631295,181.632535,LOSS
2025-12-20 21:07:00,EURJPY-OTC,call,BAIXA,False,30.09,True,NEGADO,EMA_CONTRA_TENDENCIA,181.404305,181.407735,WIN
2025-12-20 21:09:00,EURJPY-OTC,put,BAIXA,True,29.82,True,APROVADO,OK,181.364435,181.367025,LOSS
2025-12-20 21:14:00,EURJPY-OTC,call,BAIXA,False,30.44,True,NEGADO,EMA_CONTRA_TENDENCIA,181.491035,181.491765,WIN
2025-12-20 21:19:00,EURJPY-OTC,put,BAIXA,True,24.62,True,APROVADO,OK,181.343845,181.308225,WIN
2025-12-20 21:34:00,EURJPY-OTC,call,BAIXA,False,17.19,False,NEGADO,EMA_CONTRA_TENDENCIA,181.393245,181.387295,LOSS
2025-12-20 21:38:00,EURJPY-OTC,put,BAIXA,True,14.79,False,NEGADO,ADX_FRACO,181.305085,181.306075,LOSS
2025-12-20 21:45:00,EURJPY-OTC,call,BAIXA,False,14.4,False,NEGADO,EMA_CONTRA_TENDENCIA,181.319835,181.317245,LOSS
2025-12-20 21:53:00,EURJPY-OTC,put,BAIXA,True,16.1,False,NEGADO,ADX_FRACO,181.338825,181.342995,LOSS
2025-12-20 21:56:00,EURJPY-OTC,call,ALTA,True,16.74,False,NEGADO,ADX_FRACO,181.478245,181.482715,WIN
2025-12-20 22:04:00,EURJPY-OTC,put,BAIXA,True,21.61,True,APROVADO,OK,181.384865,181.359035,WIN
2025-12-20 22:19:00,EURJPY-OTC,call,BAIXA,False,33.28,True,NEGADO,EMA_CONTRA_TENDENCIA,181.082275,181.080875,LOSS
2025-12-20 22:20:00,EURJPY-OTC,put,BAIXA,True,34.09,True,APROVADO,OK,181.099305,181.049295,WIN
2025-12-20 22:25:00,EURJPY-OTC,call,BAIXA,False,34.35,True,NEGADO,EMA_CONTRA_TENDENCIA,181.148695,181.145265,LOSS
2025-12-20 22:30:00,EURJPY-OTC,put,BAIXA,True,34.01,True,APROVADO,OK,181.028685,181.040315,LOSS
2025-12-20 22:59:00,EURJPY-OTC,call,BAIXA,False,64.51,True,NEGADO,EMA_CONTRA_TENDENCIA,180.664195,180.663815,LOSS
2025-12-20 23:07:00,EURJPY-OTC,put,BAIXA,True,53.93,True,APROVADO,OK,180.645545,180.671715,LOSS
2025-12-20 23:19:00,EURJPY-OTC,call,BAIXA,False,41.37,True,NEGADO,EMA_CONTRA_TENDENCIA,180.634455,180.636265,WIN
2025-12-20 23:29:00,EURJPY-OTC,put,BAIXA,True,23.75,True,APROVADO,OK,180.632245,180.636725,LOSS
2025-12-20 23:38:00,EURJPY-OTC,call,BAIXA,False,18.07,False,NEGADO,EMA_CONTRA_TENDENCIA,180.682595,180.681455,LOSS
2025-12-20 23:47:00,EURJPY-OTC,put,BAIXA,True,15.03,False,NEGADO,ADX_FRACO,180.602045,180.601955,WIN
2025-12-20 23:56:00,EURJPY-OTC,call,BAIXA,False,23.62,True,NEGADO,EMA_CONTRA_TENDENCIA,180.639145,180.639705,WIN
2025-12-21 00:17:00,EURJPY-OTC,put,ALTA,False,35.26,True,NEGADO,EMA_CONTRA_TENDENCIA,180.874755,180.874675,WIN
2025-12-21 00:29:00,EURJPY-OTC,call,ALTA,True,22.41,True,APROVADO,OK,180.879965,180.848855,LOSS
2025-12-21 00:36:00,EURJPY-OTC,put,BAIXA,True,16.62,False,NEGADO,ADX_FRACO,180.773625,180.773255,WIN
2025-12-21 00:51:00,EURJPY-OTC,call,BAIXA,False,28.12,True,NEGADO,EMA_CONTRA_TENDENCIA,180.712655,180.714895,WIN
2025-12-21 01:07:00,EURJPY-OTC,put,BAIXA,True,14.18,False,NEGADO,ADX_FRACO,180.678335,180.677695,WIN
2025-12-21 01:11:00,EURJPY-OTC,call,ALTA,True,13.87,False,NEGADO,ADX_FRACO,180.829235,180.835005,WIN
2025-12-21 01:24:00,EURJPY-OTC,put,ALTA,False,29.3,True,NEGADO,EMA_CONTRA_TENDENCIA,180.995675,181.002235,LOSS
2025-12-21 01:30:00,EURJPY-OTC,call,ALTA,True,25.7,True,APROVADO,OK,181.013975,181.019775,WIN
2025-12-21 01:44:00,EURJPY-OTC,put,ALTA,False,24.79,True,NEGADO,EMA_CONTRA_TENDENCIA,181.025955,181.028505,LOSS
2025-12-21 02:08:00,EURJPY-OTC,call,BAIXA,False,21.97,True,NEGADO,EMA_CONTRA_TENDENCIA,180.863675,180.865115,WIN
2025-12-21 02:20:00,EURJPY-OTC,put,BAIXA,True,12.58,False,NEGADO,ADX_FRACO,180.862825,180.868445,LOSS
2025-12-21 02:31:00,EURJPY-OTC,call,ALTA,True,14.85,False,NEGADO,ADX_FRACO,180.914645,180.914385,LOSS
2025-12-21 02:43:00,EURJPY-OTC,put,ALTA,False,31.13,True,NEGADO,EMA_CONTRA_TENDENCIA,181.027825,181.025865,WIN
2025-12-21 02:54:00,EURJPY-OTC,call,ALTA,True,21.74,True,APROVADO,OK,181.069165,181.078265,WIN
2025-12-21 03:05:00,EURJPY-OTC,put,ALTA,False,21.56,True,NEGADO,EMA_CONTRA_TENDENCIA,181.050775,181.052465,LOSS
2025-12-21 03:08:00,EURJPY-OTC,call,ALTA,True,19.11,False,NEGADO,ADX_FRACO,181.097965,181.099195,WIN
2025-12-21 03:17:00,EURJPY-OTC,put,ALTA,False,24.46,True,NEGADO,EMA_CONTRA_TENDENCIA,181.093505,181.092435,WIN
2025-12-21 03:25:00,EURJPY-OTC,call,ALTA,True,16.5,False,NEGADO,ADX_FRACO,181.179725,181.179315,LOSS
2025-12-21 03:36:00,EURJPY-OTC,put,ALTA,False,27.53,True,NEGADO,EMA_CONTRA_TENDENCIA,181.236665,181.236015,WIN
2025-12-21 03:43:00,EURJPY-OTC,call,ALTA,True,21.36,True,APROVADO,OK,181.300905,181.305605,WIN
2025-12-21 03:50:00,EURJPY-OTC,put,ALTA,False,15.73,False,NEGADO,EMA_CONTRA_TENDENCIA,181.207725,181.209235,LOSS
2025-12-21 04:07:00,EURJPY-OTC,call,BAIXA,False,21.15,True,NEGADO,EMA_CONTRA_TENDENCIA,181.116685,181.114635,LOSS
2025-12-21 04:09:00,EURJPY-OTC,put,BAIXA,True,20.46,True,APROVADO,OK,181.087135,181.093955,LOSS
2025-12-21 04:17:00,EURJPY-OTC,call,BAIXA,False,19.5,False,NEGADO,EMA_CONTRA_TENDENCIA,181.099415,181.099745,WIN
2025-12-21 04:25:00,EURJPY-OTC,put,BAIXA,True,16.6,False,NEGADO,ADX_FRACO,181.082965,181.082735,WIN
2025-12-21 04:30:00,EURJPY-OTC,call,ALTA,True,14.84,False,NEGADO,ADX_FRACO,181.150905,181.156695,WIN
2025-12-21 04:46:00,EURJPY-OTC,put,ALTA,False,22.58,True,NEGADO,EMA_CONTRA_TENDENCIA,181.273435,181.267195,WIN
2025-12-21 04:52:00,EURJPY-OTC,call,ALTA,True,17.55,False,NEGADO,ADX_FRACO,181.271695,181.272455,WIN
2025-12-21 04:56:00,EURJPY-OTC,put,BAIXA,True,15.95,False,NEGADO,ADX_FRACO,181.179735,181.177025,WIN
2025-12-21 05:18:00,EURJPY-OTC,call,BAIXA,False,50.07,True,NEGADO,EMA_CONTRA_TENDENCIA,180.787065,180.785075,LOSS
2025-12-21 05:21:00,EURJPY-OTC,put,BAIXA,True,52.08,True,APROVADO,OK,180.778865,180.815495,LOSS
2025-12-21 05:23:00,EURJPY-OTC,call,BAIXA,False,49.47,True,NEGADO,EMA_CONTRA_TENDENCIA,180.859575,180.858615,LOSS
2025-12-21 05:36:00,EURJPY-OTC,put,BAIXA,True,26.71,True,APROVADO,OK,180.954455,181.007495,LOSS
2025-12-21 05:38:00,EURJPY-OTC,call,ALTA,True,25.33,True,APROVADO,OK,181.053605,181.028195,LOSS
2025-12-21 05:46:00,EURJPY-OTC,put,BAIXA,True,17.66,False,NEGADO,ADX_FRACO,180.946095,180.946235,LOSS
2025-12-21 05:53:00,EURJPY-OTC,call,ALTA,True,14.45,False,NEGADO,ADX_FRACO,181.040155,181.038965,LOSS
2025-12-21 06:13:00,EURJPY-OTC,put,ALTA,False,37.35,True,NEGADO,EMA_CONTRA_TENDENCIA,181.284585,181.287445,LOSS
2025-12-21 06:18:00,EURJPY-OTC,call,ALTA,True,34.12,True,APROVADO,OK,181.318175,181.302155,LOSS
2025-12-21 06:24:00,EURJPY-OTC,put,ALTA,False,32.38,True,NEGADO,EMA_CONTRA_TENDENCIA,181.206195,181.213645,LOSS
2025-12-21 06:38:00,EURJPY-OTC,call,ALTA,True,18.15,False,NEGADO,ADX_FRACO,181.246595,181.235425,LOSS
2025-12-21 06:44:00,EURJPY-OTC,put,BAIXA,True,17.1,False,NEGADO,ADX_FRACO,181.120435,181.120335,WIN
2025-12-21 07:02:00,EURJPY-OTC,call,ALTA,True,23.65,True,APROVADO,OK,181.172185,181.170965,LOSS
2025-12-21 07:06:00,EURJPY-OTC,put,BAIXA,True,24.06,True,APROVADO,OK,181.085525,181.150655,LOSS
2025-12-21 07:10:00,EURJPY-OTC,call,ALTA,True,21.8,True,APROVADO,OK,181.199305,181.200005,WIN
2025-12-21 07:16:00,EURJPY-OTC,put,BAIXA,True,21.42,True,APROVADO,OK,181.126825,181.158825,LOSS
2025-12-21 07:25:00,EURJPY-OTC,call,ALTA,True,17.72,False,NEGADO,ADX_FRACO,181.201475,181.203385,WIN
2025-12-21 07:40:00,EURJPY-OTC,put,ALTA,False,16.83,False,NEGADO,EMA_CONTRA_TENDENCIA,181.201635,181.199025,WIN
2025-12-21 07:55:00,EURJPY-OTC,call,BAIXA,False,22.02,True,NEGADO,EMA_CONTRA_TENDENCIA,181.117205,181.113225,LOSS
2025-12-21 08:20:00,EURJPY-OTC,put,ALTA,False,42.83,True,NEGADO,EMA_CONTRA_TENDENCIA,181.508165,181.507355,WIN
2025-12-21 08:22:00,EURJPY-OTC,call,ALTA,True,43.44,True,APROVADO,OK,181.581565,181.615835,WIN
2025-12-21 08:29:00,EURJPY-OTC,put,ALTA,False,43.71,True,NEGADO,EMA_CONTRA_TENDENCIA,181.529995,181.530445,LOSS
2025-12-21 08:42:00,EURJPY-OTC,call,ALTA,True,23.12,True,APROVADO,OK,181.580475,181.613025,WIN
2025-12-21 09:00:00,EURJPY-OTC,put,ALTA,False,37.8,True,NEGADO,EMA_CONTRA_TENDENCIA,181.791115,181.791275,LOSS
2025-12-21 09:03:00,EURJPY-OTC,call,ALTA,True,38.9,True,APROVADO,OK,181.866685,181.840595,LOSS
2025-12-21 09:08:00,EURJPY-OTC,put,ALTA,False,37.58,True,NEGADO,EMA_CONTRA_TENDENCIA,181.756765,181.754945,WIN
2025-12-21 09:20:00,EURJPY-OTC,call,ALTA,True,25.84,True,APROVADO,OK,181.811055,181.855335,WIN
2025-12-21 09:42:00,EURJPY-OTC,put,ALTA,False,43.34,True,NEGADO,EMA_CONTRA_TENDENCIA,182.017845,182.018435,LOSS
2025-12-21 09:50:00,EURJPY-OTC,call,ALTA,True,32.51,True,APROVADO,OK,182.018885,181.980425,LOSS
2025-12-21 09:52:00,EURJPY-OTC,put,ALTA,False,29.26,True,NEGADO,EMA_CONTRA_TENDENCIA,181.952405,181.951715,WIN
2025-12-21 10:05:00,EURJPY-OTC,call,ALTA,True,14.85,False,NEGADO,ADX_FRACO,182.004455,182.001285,LOSS
2025-12-21 10:15:00,EURJPY-OTC,put,ALTA,False,23.92,True,NEGADO,EMA_CONTRA_TENDENCIA,182.057785,182.053935,WIN
2025-12-21 10:33:00,EURJPY-OTC,call,BAIXA,False,33.96,True,NEGADO,EMA_CONTRA_TENDENCIA,181.800425,181.798225,LOSS
2025-12-21 10:36:00,EURJPY-OTC,put,BAIXA,True,35.31,True,APROVADO,OK,181.721875,181.662655,WIN
2025-12-21 10:54:00,EURJPY-OTC,call,BAIXA,False,48.36,True,NEGADO,EMA_CONTRA_TENDENCIA,181.571665,181.569695,LOSS
2025-12-21 10:55:00,EURJPY-OTC,put,BAIXA,True,48.2,True,APROVADO,OK,181.550015,181.532465,WIN
2025-12-21 11:01:00,EURJPY-OTC,call,BAIXA,False,42.37,True,NEGADO,EMA_CONTRA_TENDENCIA,181.603375,181.612515,WIN
2025-12-21 11:15:00,EURJPY-OTC,put,BAIXA,True,21.56,True,APROVADO,OK,181.611775,181.586085,WIN
2025-12-21 11:30:00,EURJPY-OTC,call,BAIXA,False,19.14,False,NEGADO,EMA_CONTRA_TENDENCIA,181.598825,181.604465,WIN
2025-12-21 11:37:00,EURJPY-OTC,put,BAIXA,True,19.16,False,NEGADO,ADX_FRACO,181.483915,181.487195,LOSS
2025-12-21 11:54:00,EURJPY-OTC,call,BAIXA,False,42.98,True,NEGADO,EMA_CONTRA_TENDENCIA,181.325375,181.325365,LOSS
2025-12-21 12:00:00,EURJPY-OTC,put,BAIXA,True,38.82,True,APROVADO,OK,181.267945,181.281195,LOSS
2025-12-21 12:09:00,EURJPY-OTC,call,BAIXA,False,35.25,True,NEGADO,EMA_CONTRA_TENDENCIA,181.298345,181.299585,WIN
2025-12-21 12:14:00,EURJPY-OTC,put,BAIXA,True,31.31,True,APROVADO,OK,181.226955,181.271165,LOSS
2025-12-21 12:17:00,EURJPY-OTC,call,BAIXA,False,27.02,True,NEGADO,EMA_CONTRA_TENDENCIA,181.345565,181.346475,WIN
2025-12-21 12:32:00,EURJPY-OTC,put,ALTA,False,21.92,True,NEGADO,EMA_CONTRA_TENDENCIA,181.411185,181.407855,WIN
2025-12-21 12:35:00,EURJPY-OTC,call,ALTA,True,22.27,True,APROVADO,OK,181.466785,181.452045,LOSS
2025-12-21 12:39:00,EURJPY-OTC,put,BAIXA,True,19.75,False,NEGADO,ADX_FRACO,181.358735,181.361175,LOSS
2025-12-21 12:50:00,EURJPY-OTC,call,ALTA,True,15.01,False,NEGADO,ADX_FRACO,181.436675,181.433895,LOSS
2025-12-21 13:06:00,EURJPY-OTC,put,ALTA,False,24.62,True,NEGADO,EMA_CONTRA_TENDENCIA,181.601455,181.607145,LOSS
2025-12-21 13:09:00,EURJPY-OTC,call,ALTA,True,27.29,True,APROVADO,OK,181.641875,181.620535,LOSS
2025-12-21 13:16:00,EURJPY-OTC,put,ALTA,False,26.37,True,NEGADO,EMA_CONTRA_TENDENCIA,181.606365,181.607375,LOSS
2025-12-21 13:19:00,EURJPY-OTC,call,ALTA,True,23.89,True,APROVADO,OK,181.620425,181.631255,WIN
2025-12-21 13:36:00,EURJPY-OTC,put,ALTA,False,28.08,True,NEGADO,EMA_CONTRA_TENDENCIA,181.724685,181.726935,LOSS
2025-12-21 13:46:00,EURJPY-OTC,call,ALTA,True,26.56,True,APROVADO,OK,181.811045,181.791695,LOSS
2025-12-21 13:53:00,EURJPY-OTC,put,ALTA,False,25.55,True,NEGADO,EMA_CONTRA_TENDENCIA,181.770745,181.772885,LOSS
2025-12-21 14:06:00,EURJPY-OTC,call,ALTA,True,20.09,True,APROVADO,OK,181.683985,181.692575,WIN
2025-12-21 14:13:00,EURJPY-OTC,put,BAIXA,True,17.98,False,NEGADO,ADX_FRACO,181.616815,181.612505,WIN
2025-12-21 14:24:00,EURJPY-OTC,call,BAIXA,False,17.37,False,NEGADO,EMA_CONTRA_TENDENCIA,181.634595,181.635855,WIN
2025-12-21 14:34:00,EURJPY-OTC,put,BAIXA,True,12.42,False,NEGADO,ADX_FRACO,181.580785,181.583325,LOSS
2025-12-21 14:38:00,EURJPY-OTC,call,ALTA,True,11.54,False,NEGADO,ADX_FRACO,181.671925,181.661365,LOSS
2025-12-21 15:03:00,EURJPY-OTC,put,ALTA,False,17.19,False,NEGADO,EMA_CONTRA_TENDENCIA,181.766785,181.767085,LOSS
2025-12-21 15:08:00,EURJPY-OTC,call,ALTA,True,16.57,False,NEGADO,ADX_FRACO,181.808105,181.807565,LOSS
2025-12-21 15:12:00,EURJPY-OTC,put,ALTA,False,15.92,False,NEGADO,EMA_CONTRA_TENDENCIA,181.757355,181.752535,WIN
2025-12-21 15:14:00,EURJPY-OTC,call,ALTA,True,15.46,False,NEGADO,ADX_FRACO,181.836705,181.841325,WIN
2025-12-21 15:29:00,EURJPY-OTC,put,ALTA,False,20.37,True,NEGADO,EMA_CONTRA_TENDENCIA,181.926635,181.926475,WIN
2025-12-21 15:34:00,EURJPY-OTC,call,ALTA,True,17.18,False,NEGADO,ADX_FRACO,181.960445,181.964745,WIN
2025-12-21 15:51:00,EURJPY-OTC,put,ALTA,False,13.06,False,NEGADO,EMA_CONTRA_TENDENCIA,181.872365,181.873185,LOSS
2025-12-21 15:58:00,EURJPY-OTC,call,ALTA,True,12.01,False,NEGADO,ADX_FRACO,181.947055,181.946935,LOSS
2025-12-21 16:23:00,EURJPY-OTC,put,ALTA,False,33.83,True,NEGADO,EMA_CONTRA_TENDENCIA,182.156745,182.161985,LOSS
2025-12-21 16:45:00,EURJPY-OTC,call,BAIXA,False,17.82,False,NEGADO,EMA_CONTRA_TENDENCIA,181.958495,181.958585,WIN
2025-12-21 16:48:00,EURJPY-OTC,put,BAIXA,True,17.92,False,NEGADO,ADX_FRACO,181.909655,181.902705,WIN
2025-12-21 16:53:00,EURJPY-OTC,call,BAIXA,False,17.3,False,NEGADO,EMA_CONTRA_TENDENCIA,181.935315,181.935245,LOSS
2025-12-21 17:11:00,EURJPY-OTC,put,ALTA,False,16.35,False,NEGADO,EMA_CONTRA_TENDENCIA,181.995855,181.994515,WIN
2025-12-21 17:27:00,EURJPY-OTC,call,ALTA,True,15.41,False,NEGADO,ADX_FRACO,182.082535,182.081685,LOSS
2025-12-21 17:33:00,EURJPY-OTC,put,BAIXA,True,13.7,False,NEGADO,ADX_FRACO,181.954485,181.954095,WIN
2025-12-21 17:42:00,call,181.99579855145953,181.99834557672008,,12.309877096353256,55.48364943673702,True,NEGADO,SEM_TENDENCIA_ALTA
2025-12-21 17:42:00,call,181.99579855145953,181.99834557672008,,12.309877096353256,55.48364943673702,True,NEGADO,SEM_TENDENCIA_ALTA
